{"type":"FeatureCollection","meta":{"source":"OpenStreetMap contributors, Overpass API, fetched 2026-09-26; ODbL. Building centroids only.","note":"kind, served, priority, lang and phones are derived or fictional. OSM tags almost every building as building=yes, so untagged, unnamed buildings are treated as houses. Phone numbers are fictional (555-01xx).","census":{"population2021":1821,"privateDwellings":588,"occupiedDwellings":481,"inuktitutMotherTongueShare":0.964,"source":"Statistics Canada, 2021 Census Profile, Inukjuak (Village nordique), DGUID 2021A00052499085"}},"features":[{"type":"Feature","geometry":{"type":"Point","coordinates":[-78.079648,58.469139]},"properties":{"id":"H001","osm_id":408652331,"kind":"house","name":null,"served":true,"priority":false,"lang":"iu","phones":["+1-819-555-0164"]}},{"type":"Feature","geometry":{"type":"Point","coordinates":[-78.102942,58.453695]},"properties":{"id":"H002","osm_id":493084766,"kind":"house","name":null,"served":true,"priority":false,"lang":"fr","phones":["+1-819-555-0182"]}},{"type":"Feature","geometry":{"type":"Point","coordinates":[-78.103106,58.453876]},"properties":{"id":"H003","osm_id":493084768,"kind":"house","name":null,"served":true,"priority":false,"lang":"en","phones":["+1-819-555-0113"]}},{"type":"Feature","geometry":{"type":"Point","coordinates":[-78.101884,58.453514]},"properties":{"id":"STOR-493084770","osm_id":493084770,"kind":"store","name":"Northern Store","served":true,"priority":false,"lang":"en","phones":["+1-819-555-0176"]}},{"type":"Feature","geometry":{"type":"Point","coordinates":[-78.103558,58.453881]},"properties":{"id":"STOR-493084771","osm_id":493084771,"kind":"store","name":"Co-op","served":true,"priority":false,"lang":"iu","phones":["+1-819-555-0153"]}},{"type":"Feature","geometry":{"type":"Point","coordinates":[-78.104606,58.455815]},"properties":{"id":"SCHO-493084773","osm_id":493084773,"kind":"school","name":null,"served":true,"priority":true,"lang":"fr","phones":["+1-819-555-0196"]}},{"type":"Feature","geometry":{"type":"Point","coordinates":[-78.112026,58.454703]},"properties":{"id":"H004","osm_id":493084776,"kind":"house","name":null,"served":true,"priority":false,"lang":"iu","phones":["+1-819-555-0156"]}},{"type":"Feature","geometry":{"type":"Point","coordinates":[-78.111827,58.455002]},"properties":{"id":"H005","osm_id":493084778,"kind":"house","name":null,"served":true,"priority":false,"lang":"iu","phones":["+1-819-555-0178"]}},{"type":"Feature","geometry":{"type":"Point","coordinates":[-78.105034,58.452902]},"properties":{"id":"CLIN-493085897","osm_id":493085897,"kind":"clinic","name":"Centre de santé Inuulitsivik","served":true,"priority":true,"lang":"fr","phones":["+1-819-555-0112"]}},{"type":"Feature","geometry":{"type":"Point","coordinates":[-78.067964,58.466874]},"properties":{"id":"H006","osm_id":493122679,"kind":"house","name":null,"served":true,"priority":false,"lang":"iu","phones":["+1-819-555-0187"]}},{"type":"Feature","geometry":{"type":"Point","coordinates":[-78.113541,58.456918]},"properties":{"id":"OTHE-493122680","osm_id":493122680,"kind":"other","name":"KSB Cold Storage","served":true,"priority":false,"lang":"iu","phones":["+1-819-555-0140"]}},{"type":"Feature","geometry":{"type":"Point","coordinates":[-78.117427,58.45126]},"properties":{"id":"SCHO-493122684","osm_id":493122684,"kind":"school","name":"Vocational School","served":true,"priority":true,"lang":"fr","phones":["+1-819-555-0144"]}},{"type":"Feature","geometry":{"type":"Point","coordinates":[-78.106348,58.459718]},"properties":{"id":"OTHE-493122688","osm_id":493122688,"kind":"other","name":"Reintegration Center","served":true,"priority":false,"lang":"fr","phones":["+1-819-555-0145"]}},{"type":"Feature","geometry":{"type":"Point","coordinates":[-78.106202,58.461474]},"properties":{"id":"AREN-493122689","osm_id":493122689,"kind":"arena","name":"Arena","served":true,"priority":false,"lang":"iu","phones":["+1-819-555-0195"]}},{"type":"Feature","geometry":{"type":"Point","coordinates":[-78.104013,58.457865]},"properties":{"id":"PLAN-493122694","osm_id":493122694,"kind":"plant","name":"Water Treatment Plant","served":false,"priority":false,"lang":"iu","phones":[]}},{"type":"Feature","geometry":{"type":"Point","coordinates":[-78.102742,58.456194]},"properties":{"id":"H007","osm_id":493122695,"kind":"house","name":null,"served":true,"priority":false,"lang":"iu","phones":["+1-819-555-0143"]}},{"type":"Feature","geometry":{"type":"Point","coordinates":[-78.10336,58.455673]},"properties":{"id":"H008","osm_id":493122696,"kind":"house","name":null,"served":true,"priority":false,"lang":"iu","phones":["+1-819-555-0168"]}},{"type":"Feature","geometry":{"type":"Point","coordinates":[-78.103498,58.454862]},"properties":{"id":"TOWN-493122698","osm_id":493122698,"kind":"townhall","name":"Village de Inukjuak","served":true,"priority":false,"lang":"fr","phones":["+1-819-555-0118"]}},{"type":"Feature","geometry":{"type":"Point","coordinates":[-78.107567,58.454304]},"properties":{"id":"H009","osm_id":493122699,"kind":"house","name":null,"served":true,"priority":false,"lang":"en","phones":["+1-819-555-0190"]}},{"type":"Feature","geometry":{"type":"Point","coordinates":[-78.108277,58.452476]},"properties":{"id":"OTHE-493122700","osm_id":493122700,"kind":"other","name":"Recreation Center","served":true,"priority":false,"lang":"iu","phones":["+1-819-555-0139"]}},{"type":"Feature","geometry":{"type":"Point","coordinates":[-78.105111,58.462156]},"properties":{"id":"OTHE-498259672","osm_id":498259672,"kind":"other","name":"LHC","served":true,"priority":false,"lang":"iu","phones":["+1-819-555-0190"]}},{"type":"Feature","geometry":{"type":"Point","coordinates":[-78.116882,58.451062]},"properties":{"id":"H010","osm_id":498259673,"kind":"house","name":null,"served":true,"priority":false,"lang":"iu","phones":["+1-819-555-0159"]}},{"type":"Feature","geometry":{"type":"Point","coordinates":[-78.116705,58.452073]},"properties":{"id":"OTHE-498259674","osm_id":498259674,"kind":"other","name":"Residence","served":true,"priority":false,"lang":"iu","phones":["+1-819-555-0151"]}},{"type":"Feature","geometry":{"type":"Point","coordinates":[-78.11337,58.452349]},"properties":{"id":"STOR-498259675","osm_id":498259675,"kind":"store","name":"Coop Hotel","served":true,"priority":false,"lang":"en","phones":["+1-819-555-0170"]}},{"type":"Feature","geometry":{"type":"Point","coordinates":[-78.109512,58.461119]},"properties":{"id":"OTHE-505323207","osm_id":505323207,"kind":"other","name":"NV Cold Storage","served":true,"priority":false,"lang":"iu","phones":["+1-819-555-0114"]}},{"type":"Feature","geometry":{"type":"Point","coordinates":[-78.109358,58.460656]},"properties":{"id":"GARA-505323209","osm_id":505323209,"kind":"garage","name":"NV Gararge","served":false,"priority":false,"lang":"iu","phones":[]}},{"type":"Feature","geometry":{"type":"Point","coordinates":[-78.101626,58.457727]},"properties":{"id":"OTHE-505323212","osm_id":505323212,"kind":"other","name":"Makiviks Sewing Shop","served":true,"priority":false,"lang":"iu","phones":["+1-819-555-0176"]}},{"type":"Feature","geometry":{"type":"Point","coordinates":[-78.102044,58.455916]},"properties":{"id":"H011","osm_id":505323215,"kind":"house","name":null,"served":true,"priority":false,"lang":"en","phones":["+1-819-555-0150"]}},{"type":"Feature","geometry":{"type":"Point","coordinates":[-78.103405,58.455427]},"properties":{"id":"OTHE-505323217","osm_id":505323217,"kind":"other","name":"Daniel Weetaluktuk Museum","served":true,"priority":false,"lang":"en","phones":["+1-819-555-0133"]}},{"type":"Feature","geometry":{"type":"Point","coordinates":[-78.113003,58.456794]},"properties":{"id":"WARE-505323220","osm_id":505323220,"kind":"warehouse","name":"KSB Warehouse","served":false,"priority":false,"lang":"iu","phones":[]}},{"type":"Feature","geometry":{"type":"Point","coordinates":[-78.111675,58.456428]},"properties":{"id":"OTHE-505323222","osm_id":505323222,"kind":"other","name":"Construction Camp","served":true,"priority":false,"lang":"iu","phones":["+1-819-555-0161"]}},{"type":"Feature","geometry":{"type":"Point","coordinates":[-78.111045,58.456053]},"properties":{"id":"H012","osm_id":505323223,"kind":"house","name":null,"served":true,"priority":false,"lang":"iu","phones":["+1-819-555-0103"]}},{"type":"Feature","geometry":{"type":"Point","coordinates":[-78.110963,58.455749]},"properties":{"id":"WARE-505323225","osm_id":505323225,"kind":"warehouse","name":null,"served":false,"priority":false,"lang":"iu","phones":[]}},{"type":"Feature","geometry":{"type":"Point","coordinates":[-78.11066,58.455359]},"properties":{"id":"H013","osm_id":505323227,"kind":"house","name":null,"served":true,"priority":false,"lang":"iu","phones":["+1-819-555-0106"]}},{"type":"Feature","geometry":{"type":"Point","coordinates":[-78.110191,58.455396]},"properties":{"id":"WARE-505323228","osm_id":505323228,"kind":"warehouse","name":"KMHB Warehouse","served":false,"priority":false,"lang":"fr","phones":[]}},{"type":"Feature","geometry":{"type":"Point","coordinates":[-78.109543,58.455217]},"properties":{"id":"WARE-505323230","osm_id":505323230,"kind":"warehouse","name":"KMHB Workshop","served":false,"priority":false,"lang":"iu","phones":[]}},{"type":"Feature","geometry":{"type":"Point","coordinates":[-78.109724,58.455473]},"properties":{"id":"H014","osm_id":505323232,"kind":"house","name":null,"served":true,"priority":false,"lang":"iu","phones":["+1-819-555-0191"]}},{"type":"Feature","geometry":{"type":"Point","coordinates":[-78.109541,58.455455]},"properties":{"id":"H015","osm_id":505323233,"kind":"house","name":null,"served":true,"priority":false,"lang":"iu","phones":["+1-819-555-0160"]}},{"type":"Feature","geometry":{"type":"Point","coordinates":[-78.109278,58.455428]},"properties":{"id":"H016","osm_id":505323235,"kind":"house","name":null,"served":true,"priority":false,"lang":"iu","phones":["+1-819-555-0129"]}},{"type":"Feature","geometry":{"type":"Point","coordinates":[-78.105792,58.456135]},"properties":{"id":"OTHE-505323236","osm_id":505323236,"kind":"other","name":"KSB","served":true,"priority":false,"lang":"iu","phones":["+1-819-555-0115"]}},{"type":"Feature","geometry":{"type":"Point","coordinates":[-78.103722,58.457088]},"properties":{"id":"OTHE-505323238","osm_id":505323238,"kind":"other","name":"KRG ET","served":true,"priority":false,"lang":"iu","phones":["+1-819-555-0158"]}},{"type":"Feature","geometry":{"type":"Point","coordinates":[-78.105141,58.454785]},"properties":{"id":"OTHE-505323240","osm_id":505323240,"kind":"other","name":"Shack","served":true,"priority":false,"lang":"iu","phones":["+1-819-555-0191"]}},{"type":"Feature","geometry":{"type":"Point","coordinates":[-78.105017,58.454382]},"properties":{"id":"OTHE-505323241","osm_id":505323241,"kind":"other","name":"Women Shelter","served":false,"priority":false,"lang":"en","phones":[]}},{"type":"Feature","geometry":{"type":"Point","coordinates":[-78.104412,58.454104]},"properties":{"id":"OTHE-505323243","osm_id":505323243,"kind":"other","name":"Inukjuak Detachment","served":true,"priority":false,"lang":"iu","phones":["+1-819-555-0151"]}},{"type":"Feature","geometry":{"type":"Point","coordinates":[-78.104645,58.453763]},"properties":{"id":"OTHE-505323244","osm_id":505323244,"kind":"other","name":"Youth Center","served":true,"priority":false,"lang":"iu","phones":["+1-819-555-0139"]}},{"type":"Feature","geometry":{"type":"Point","coordinates":[-78.103307,58.452733]},"properties":{"id":"GARA-505323246","osm_id":505323246,"kind":"garage","name":"NV Garage","served":false,"priority":false,"lang":"iu","phones":[]}},{"type":"Feature","geometry":{"type":"Point","coordinates":[-78.103959,58.452671]},"properties":{"id":"GARA-505323248","osm_id":505323248,"kind":"garage","name":"Sewing Truck Garage","served":false,"priority":false,"lang":"iu","phones":[]}},{"type":"Feature","geometry":{"type":"Point","coordinates":[-78.104888,58.453315]},"properties":{"id":"OTHE-505323249","osm_id":505323249,"kind":"other","name":"Reintegration Center","served":true,"priority":false,"lang":"iu","phones":["+1-819-555-0151"]}},{"type":"Feature","geometry":{"type":"Point","coordinates":[-78.109633,58.452434]},"properties":{"id":"OTHE-505323251","osm_id":505323251,"kind":"other","name":"Avataq Office","served":true,"priority":false,"lang":"iu","phones":["+1-819-555-0137"]}},{"type":"Feature","geometry":{"type":"Point","coordinates":[-78.108526,58.453176]},"properties":{"id":"OTHE-505323253","osm_id":505323253,"kind":"other","name":"Municipal Library","served":true,"priority":false,"lang":"iu","phones":["+1-819-555-0101"]}},{"type":"Feature","geometry":{"type":"Point","coordinates":[-78.10888,58.453006]},"properties":{"id":"CLIN-505323254","osm_id":505323254,"kind":"clinic","name":"Family House CLSC","served":true,"priority":true,"lang":"fr","phones":["+1-819-555-0166"]}},{"type":"Feature","geometry":{"type":"Point","coordinates":[-78.110665,58.454451]},"properties":{"id":"WARE-505323256","osm_id":505323256,"kind":"warehouse","name":"Hydro Quebec Power Plant","served":false,"priority":false,"lang":"en","phones":[]}},{"type":"Feature","geometry":{"type":"Point","coordinates":[-78.103725,58.452914]},"properties":{"id":"OTHE-505323258","osm_id":505323258,"kind":"other","name":"Unaaq's","served":true,"priority":false,"lang":"iu","phones":["+1-819-555-0125"]}},{"type":"Feature","geometry":{"type":"Point","coordinates":[-78.108814,58.447219]},"properties":{"id":"H017","osm_id":505323260,"kind":"house","name":null,"served":true,"priority":false,"lang":"iu","phones":["+1-819-555-0162"]}},{"type":"Feature","geometry":{"type":"Point","coordinates":[-78.107889,58.449371]},"properties":{"id":"DAYC-505323261","osm_id":505323261,"kind":"daycare","name":"Daycare","served":true,"priority":true,"lang":"fr","phones":["+1-819-555-0155"]}},{"type":"Feature","geometry":{"type":"Point","coordinates":[-78.108175,58.450129]},"properties":{"id":"TANK-505323263","osm_id":505323263,"kind":"tank","name":"Old Water Tank","served":false,"priority":false,"lang":"iu","phones":[]}},{"type":"Feature","geometry":{"type":"Point","coordinates":[-78.109335,58.449598]},"properties":{"id":"H018","osm_id":505323265,"kind":"house","name":null,"served":true,"priority":false,"lang":"en","phones":["+1-819-555-0137"]}},{"type":"Feature","geometry":{"type":"Point","coordinates":[-78.109463,58.450337]},"properties":{"id":"H019","osm_id":505323267,"kind":"house","name":null,"served":true,"priority":false,"lang":"iu","phones":["+1-819-555-0112"]}},{"type":"Feature","geometry":{"type":"Point","coordinates":[-78.114414,58.452115]},"properties":{"id":"H020","osm_id":505323270,"kind":"house","name":null,"served":true,"priority":false,"lang":"iu","phones":["+1-819-555-0191"]}},{"type":"Feature","geometry":{"type":"Point","coordinates":[-78.114203,58.452797]},"properties":{"id":"H021","osm_id":505323271,"kind":"house","name":null,"served":true,"priority":false,"lang":"iu","phones":["+1-819-555-0165"]}},{"type":"Feature","geometry":{"type":"Point","coordinates":[-78.134157,58.450875]},"properties":{"id":"OTHE-505323278","osm_id":505323278,"kind":"other","name":"Rescue Boat Shelter","served":false,"priority":false,"lang":"iu","phones":[]}},{"type":"Feature","geometry":{"type":"Point","coordinates":[-78.078771,58.468731]},"properties":{"id":"AIRP-505323281","osm_id":505323281,"kind":"airport","name":"Inukjuak Airport","served":false,"priority":false,"lang":"fr","phones":[]}},{"type":"Feature","geometry":{"type":"Point","coordinates":[-78.077627,58.469149]},"properties":{"id":"H022","osm_id":505323282,"kind":"house","name":null,"served":true,"priority":false,"lang":"iu","phones":["+1-819-555-0161"]}},{"type":"Feature","geometry":{"type":"Point","coordinates":[-78.077117,58.469523]},"properties":{"id":"H023","osm_id":505323284,"kind":"house","name":null,"served":true,"priority":false,"lang":"en","phones":["+1-819-555-0183"]}},{"type":"Feature","geometry":{"type":"Point","coordinates":[-78.077955,58.468241]},"properties":{"id":"H024","osm_id":505323285,"kind":"house","name":null,"served":true,"priority":false,"lang":"iu","phones":["+1-819-555-0163"]}},{"type":"Feature","geometry":{"type":"Point","coordinates":[-78.078144,58.467558]},"properties":{"id":"H025","osm_id":505323287,"kind":"house","name":null,"served":true,"priority":false,"lang":"iu","phones":["+1-819-555-0124"]}},{"type":"Feature","geometry":{"type":"Point","coordinates":[-78.108396,58.46029]},"properties":{"id":"H026","osm_id":505323290,"kind":"house","name":null,"served":true,"priority":false,"lang":"iu","phones":["+1-819-555-0152"]}},{"type":"Feature","geometry":{"type":"Point","coordinates":[-78.108397,58.459847]},"properties":{"id":"H027","osm_id":505323292,"kind":"house","name":null,"served":true,"priority":false,"lang":"iu","phones":["+1-819-555-0101"]}},{"type":"Feature","geometry":{"type":"Point","coordinates":[-78.106801,58.459548]},"properties":{"id":"H028","osm_id":505323293,"kind":"house","name":null,"served":true,"priority":false,"lang":"iu","phones":["+1-819-555-0157"]}},{"type":"Feature","geometry":{"type":"Point","coordinates":[-78.105976,58.461201]},"properties":{"id":"H029","osm_id":505323296,"kind":"house","name":null,"served":true,"priority":false,"lang":"iu","phones":["+1-819-555-0110"]}},{"type":"Feature","geometry":{"type":"Point","coordinates":[-78.106808,58.461669]},"properties":{"id":"H030","osm_id":505323298,"kind":"house","name":null,"served":true,"priority":false,"lang":"iu","phones":["+1-819-555-0125"]}},{"type":"Feature","geometry":{"type":"Point","coordinates":[-78.115681,58.451679]},"properties":{"id":"H031","osm_id":505326008,"kind":"house","name":null,"served":true,"priority":false,"lang":"iu","phones":["+1-819-555-0179"]}},{"type":"Feature","geometry":{"type":"Point","coordinates":[-78.115022,58.451658]},"properties":{"id":"H032","osm_id":505326011,"kind":"house","name":null,"served":true,"priority":false,"lang":"iu","phones":["+1-819-555-0169"]}},{"type":"Feature","geometry":{"type":"Point","coordinates":[-78.101519,58.455441]},"properties":{"id":"H033","osm_id":505406251,"kind":"house","name":null,"served":true,"priority":false,"lang":"fr","phones":["+1-819-555-0185"]}},{"type":"Feature","geometry":{"type":"Point","coordinates":[-78.101477,58.456201]},"properties":{"id":"H034","osm_id":505406252,"kind":"house","name":null,"served":true,"priority":false,"lang":"iu","phones":["+1-819-555-0145"]}},{"type":"Feature","geometry":{"type":"Point","coordinates":[-78.101368,58.456692]},"properties":{"id":"H035","osm_id":505406253,"kind":"house","name":null,"served":true,"priority":false,"lang":"iu","phones":["+1-819-555-0140"]}},{"type":"Feature","geometry":{"type":"Point","coordinates":[-78.102259,58.456888]},"properties":{"id":"H036","osm_id":505406254,"kind":"house","name":null,"served":true,"priority":false,"lang":"iu","phones":["+1-819-555-0173"]}},{"type":"Feature","geometry":{"type":"Point","coordinates":[-78.101586,58.456945]},"properties":{"id":"H037","osm_id":505406255,"kind":"house","name":null,"served":true,"priority":false,"lang":"iu","phones":["+1-819-555-0162"]}},{"type":"Feature","geometry":{"type":"Point","coordinates":[-78.101309,58.457439]},"properties":{"id":"H038","osm_id":505406256,"kind":"house","name":null,"served":true,"priority":false,"lang":"iu","phones":["+1-819-555-0117"]}},{"type":"Feature","geometry":{"type":"Point","coordinates":[-78.102404,58.457694]},"properties":{"id":"H039","osm_id":505406257,"kind":"house","name":null,"served":true,"priority":false,"lang":"iu","phones":["+1-819-555-0160"]}},{"type":"Feature","geometry":{"type":"Point","coordinates":[-78.102187,58.457929]},"properties":{"id":"H040","osm_id":505406258,"kind":"house","name":null,"served":true,"priority":false,"lang":"iu","phones":["+1-819-555-0176"]}},{"type":"Feature","geometry":{"type":"Point","coordinates":[-78.102044,58.458164]},"properties":{"id":"H041","osm_id":505406259,"kind":"house","name":null,"served":true,"priority":false,"lang":"en","phones":["+1-819-555-0164"]}},{"type":"Feature","geometry":{"type":"Point","coordinates":[-78.102057,58.4584]},"properties":{"id":"H042","osm_id":505406260,"kind":"house","name":null,"served":true,"priority":false,"lang":"iu","phones":["+1-819-555-0153"]}},{"type":"Feature","geometry":{"type":"Point","coordinates":[-78.101612,58.458336]},"properties":{"id":"H043","osm_id":505406261,"kind":"house","name":null,"served":true,"priority":false,"lang":"iu","phones":["+1-819-555-0117"]}},{"type":"Feature","geometry":{"type":"Point","coordinates":[-78.101586,58.458488]},"properties":{"id":"H044","osm_id":505406262,"kind":"house","name":null,"served":true,"priority":false,"lang":"iu","phones":["+1-819-555-0175"]}},{"type":"Feature","geometry":{"type":"Point","coordinates":[-78.10151,58.458816]},"properties":{"id":"H045","osm_id":505406263,"kind":"house","name":null,"served":true,"priority":false,"lang":"iu","phones":["+1-819-555-0152"]}},{"type":"Feature","geometry":{"type":"Point","coordinates":[-78.10131,58.458852]},"properties":{"id":"H046","osm_id":505406264,"kind":"house","name":null,"served":true,"priority":false,"lang":"iu","phones":["+1-819-555-0119"]}},{"type":"Feature","geometry":{"type":"Point","coordinates":[-78.101015,58.459222]},"properties":{"id":"H047","osm_id":505406265,"kind":"house","name":null,"served":true,"priority":false,"lang":"iu","phones":["+1-819-555-0125"]}},{"type":"Feature","geometry":{"type":"Point","coordinates":[-78.100721,58.459434]},"properties":{"id":"H048","osm_id":505406266,"kind":"house","name":null,"served":true,"priority":false,"lang":"iu","phones":["+1-819-555-0113"]}},{"type":"Feature","geometry":{"type":"Point","coordinates":[-78.099447,58.460983]},"properties":{"id":"H049","osm_id":505406268,"kind":"house","name":null,"served":true,"priority":false,"lang":"iu","phones":["+1-819-555-0109"]}},{"type":"Feature","geometry":{"type":"Point","coordinates":[-78.099872,58.461101]},"properties":{"id":"H050","osm_id":505406269,"kind":"house","name":null,"served":true,"priority":false,"lang":"iu","phones":["+1-819-555-0144"]}},{"type":"Feature","geometry":{"type":"Point","coordinates":[-78.100429,58.461216]},"properties":{"id":"H051","osm_id":505406270,"kind":"house","name":null,"served":true,"priority":false,"lang":"iu","phones":["+1-819-555-0198"]}},{"type":"Feature","geometry":{"type":"Point","coordinates":[-78.100886,58.461006]},"properties":{"id":"H052","osm_id":505406271,"kind":"house","name":null,"served":true,"priority":false,"lang":"en","phones":["+1-819-555-0103"]}},{"type":"Feature","geometry":{"type":"Point","coordinates":[-78.101226,58.460773]},"properties":{"id":"H053","osm_id":505406272,"kind":"house","name":null,"served":true,"priority":false,"lang":"iu","phones":["+1-819-555-0141"]}},{"type":"Feature","geometry":{"type":"Point","coordinates":[-78.100424,58.460782]},"properties":{"id":"H054","osm_id":505406273,"kind":"house","name":null,"served":true,"priority":false,"lang":"iu","phones":["+1-819-555-0157"]}},{"type":"Feature","geometry":{"type":"Point","coordinates":[-78.099901,58.460619]},"properties":{"id":"H055","osm_id":505406274,"kind":"house","name":null,"served":true,"priority":false,"lang":"iu","phones":["+1-819-555-0115"]}},{"type":"Feature","geometry":{"type":"Point","coordinates":[-78.100662,58.460567]},"properties":{"id":"H056","osm_id":505406275,"kind":"house","name":null,"served":true,"priority":false,"lang":"iu","phones":["+1-819-555-0159"]}},{"type":"Feature","geometry":{"type":"Point","coordinates":[-78.100228,58.460386]},"properties":{"id":"H057","osm_id":505406276,"kind":"house","name":null,"served":true,"priority":false,"lang":"iu","phones":["+1-819-555-0121"]}},{"type":"Feature","geometry":{"type":"Point","coordinates":[-78.103072,58.456634]},"properties":{"id":"H058","osm_id":505406277,"kind":"house","name":null,"served":true,"priority":false,"lang":"iu","phones":["+1-819-555-0166"]}},{"type":"Feature","geometry":{"type":"Point","coordinates":[-78.103038,58.456876]},"properties":{"id":"H059","osm_id":505406278,"kind":"house","name":null,"served":true,"priority":false,"lang":"iu","phones":["+1-819-555-0179"]}},{"type":"Feature","geometry":{"type":"Point","coordinates":[-78.102999,58.457121]},"properties":{"id":"H060","osm_id":505406279,"kind":"house","name":null,"served":true,"priority":false,"lang":"iu","phones":["+1-819-555-0176"]}},{"type":"Feature","geometry":{"type":"Point","coordinates":[-78.102858,58.457361]},"properties":{"id":"H061","osm_id":505406280,"kind":"house","name":null,"served":true,"priority":false,"lang":"iu","phones":["+1-819-555-0190"]}},{"type":"Feature","geometry":{"type":"Point","coordinates":[-78.103536,58.457351]},"properties":{"id":"H062","osm_id":505406281,"kind":"house","name":null,"served":true,"priority":false,"lang":"iu","phones":["+1-819-555-0151"]}},{"type":"Feature","geometry":{"type":"Point","coordinates":[-78.10308,58.457985]},"properties":{"id":"H063","osm_id":505406282,"kind":"house","name":null,"served":true,"priority":false,"lang":"iu","phones":["+1-819-555-0182"]}},{"type":"Feature","geometry":{"type":"Point","coordinates":[-78.102978,58.458251]},"properties":{"id":"H064","osm_id":505406283,"kind":"house","name":null,"served":true,"priority":false,"lang":"en","phones":["+1-819-555-0105"]}},{"type":"Feature","geometry":{"type":"Point","coordinates":[-78.102722,58.458524]},"properties":{"id":"H065","osm_id":505406284,"kind":"house","name":null,"served":true,"priority":false,"lang":"iu","phones":["+1-819-555-0106"]}},{"type":"Feature","geometry":{"type":"Point","coordinates":[-78.103992,58.457384]},"properties":{"id":"H066","osm_id":505406285,"kind":"house","name":null,"served":true,"priority":false,"lang":"iu","phones":["+1-819-555-0196"]}},{"type":"Feature","geometry":{"type":"Point","coordinates":[-78.104192,58.457251]},"properties":{"id":"H067","osm_id":505406286,"kind":"house","name":null,"served":true,"priority":false,"lang":"iu","phones":["+1-819-555-0161"]}},{"type":"Feature","geometry":{"type":"Point","coordinates":[-78.10467,58.457706]},"properties":{"id":"H068","osm_id":505406287,"kind":"house","name":null,"served":true,"priority":false,"lang":"iu","phones":["+1-819-555-0102"]}},{"type":"Feature","geometry":{"type":"Point","coordinates":[-78.104696,58.457474]},"properties":{"id":"H069","osm_id":505406288,"kind":"house","name":null,"served":true,"priority":false,"lang":"iu","phones":["+1-819-555-0167"]}},{"type":"Feature","geometry":{"type":"Point","coordinates":[-78.104806,58.457245]},"properties":{"id":"H070","osm_id":505406289,"kind":"house","name":null,"served":true,"priority":false,"lang":"iu","phones":["+1-819-555-0166"]}},{"type":"Feature","geometry":{"type":"Point","coordinates":[-78.104957,58.457037]},"properties":{"id":"H071","osm_id":505406290,"kind":"house","name":null,"served":true,"priority":false,"lang":"en","phones":["+1-819-555-0117"]}},{"type":"Feature","geometry":{"type":"Point","coordinates":[-78.104341,58.457053]},"properties":{"id":"H072","osm_id":505406291,"kind":"house","name":null,"served":true,"priority":false,"lang":"iu","phones":["+1-819-555-0123"]}},{"type":"Feature","geometry":{"type":"Point","coordinates":[-78.104493,58.456858]},"properties":{"id":"H073","osm_id":505406292,"kind":"house","name":null,"served":true,"priority":false,"lang":"iu","phones":["+1-819-555-0154"]}},{"type":"Feature","geometry":{"type":"Point","coordinates":[-78.106616,58.455818]},"properties":{"id":"H074","osm_id":505406294,"kind":"house","name":null,"served":true,"priority":false,"lang":"iu","phones":["+1-819-555-0110"]}},{"type":"Feature","geometry":{"type":"Point","coordinates":[-78.106047,58.455741]},"properties":{"id":"H075","osm_id":505406295,"kind":"house","name":null,"served":true,"priority":false,"lang":"iu","phones":["+1-819-555-0123"]}},{"type":"Feature","geometry":{"type":"Point","coordinates":[-78.107037,58.455864]},"properties":{"id":"H076","osm_id":505406296,"kind":"house","name":null,"served":true,"priority":false,"lang":"iu","phones":["+1-819-555-0133"]}},{"type":"Feature","geometry":{"type":"Point","coordinates":[-78.103001,58.455572]},"properties":{"id":"H077","osm_id":505406297,"kind":"house","name":null,"served":true,"priority":false,"lang":"iu","phones":["+1-819-555-0199"]}},{"type":"Feature","geometry":{"type":"Point","coordinates":[-78.103165,58.455779]},"properties":{"id":"H078","osm_id":505406298,"kind":"house","name":null,"served":true,"priority":false,"lang":"iu","phones":["+1-819-555-0136"]}},{"type":"Feature","geometry":{"type":"Point","coordinates":[-78.10225,58.455066]},"properties":{"id":"H079","osm_id":505406299,"kind":"house","name":null,"served":true,"priority":false,"lang":"iu","phones":["+1-819-555-0141"]}},{"type":"Feature","geometry":{"type":"Point","coordinates":[-78.102535,58.454865]},"properties":{"id":"H080","osm_id":505406300,"kind":"house","name":null,"served":true,"priority":false,"lang":"iu","phones":["+1-819-555-0156"]}},{"type":"Feature","geometry":{"type":"Point","coordinates":[-78.102744,58.454759]},"properties":{"id":"H081","osm_id":505406301,"kind":"house","name":null,"served":true,"priority":false,"lang":"iu","phones":["+1-819-555-0167"]}},{"type":"Feature","geometry":{"type":"Point","coordinates":[-78.101898,58.454746]},"properties":{"id":"H082","osm_id":505406302,"kind":"house","name":null,"served":true,"priority":false,"lang":"iu","phones":["+1-819-555-0112"]}},{"type":"Feature","geometry":{"type":"Point","coordinates":[-78.102044,58.45459]},"properties":{"id":"H083","osm_id":505406303,"kind":"house","name":null,"served":true,"priority":false,"lang":"iu","phones":["+1-819-555-0129"]}},{"type":"Feature","geometry":{"type":"Point","coordinates":[-78.10213,58.454367]},"properties":{"id":"H084","osm_id":505406304,"kind":"house","name":null,"served":true,"priority":false,"lang":"iu","phones":["+1-819-555-0111"]}},{"type":"Feature","geometry":{"type":"Point","coordinates":[-78.102133,58.454497]},"properties":{"id":"H085","osm_id":505406305,"kind":"house","name":null,"served":true,"priority":false,"lang":"en","phones":["+1-819-555-0182"]}},{"type":"Feature","geometry":{"type":"Point","coordinates":[-78.101614,58.452949]},"properties":{"id":"H086","osm_id":505406306,"kind":"house","name":null,"served":true,"priority":false,"lang":"iu","phones":["+1-819-555-0169"]}},{"type":"Feature","geometry":{"type":"Point","coordinates":[-78.102068,58.452992]},"properties":{"id":"H087","osm_id":505406307,"kind":"house","name":null,"served":true,"priority":false,"lang":"iu","phones":["+1-819-555-0185"]}},{"type":"Feature","geometry":{"type":"Point","coordinates":[-78.101189,58.453008]},"properties":{"id":"H088","osm_id":505406308,"kind":"house","name":null,"served":true,"priority":false,"lang":"iu","phones":["+1-819-555-0103"]}},{"type":"Feature","geometry":{"type":"Point","coordinates":[-78.103555,58.453176]},"properties":{"id":"H089","osm_id":505406309,"kind":"house","name":null,"served":true,"priority":false,"lang":"iu","phones":["+1-819-555-0120"]}},{"type":"Feature","geometry":{"type":"Point","coordinates":[-78.102927,58.453041]},"properties":{"id":"H090","osm_id":505406310,"kind":"house","name":null,"served":true,"priority":false,"lang":"iu","phones":["+1-819-555-0187"]}},{"type":"Feature","geometry":{"type":"Point","coordinates":[-78.104556,58.453268]},"properties":{"id":"H091","osm_id":505406311,"kind":"house","name":null,"served":true,"priority":false,"lang":"iu","phones":["+1-819-555-0168"]}},{"type":"Feature","geometry":{"type":"Point","coordinates":[-78.105405,58.452726]},"properties":{"id":"H092","osm_id":505406312,"kind":"house","name":null,"served":true,"priority":false,"lang":"iu","phones":["+1-819-555-0179"]}},{"type":"Feature","geometry":{"type":"Point","coordinates":[-78.104407,58.454385]},"properties":{"id":"H093","osm_id":505406313,"kind":"house","name":null,"served":true,"priority":false,"lang":"iu","phones":["+1-819-555-0171"]}},{"type":"Feature","geometry":{"type":"Point","coordinates":[-78.104578,58.454775]},"properties":{"id":"H094","osm_id":505406314,"kind":"house","name":null,"served":true,"priority":false,"lang":"iu","phones":["+1-819-555-0193"]}},{"type":"Feature","geometry":{"type":"Point","coordinates":[-78.104365,58.454804]},"properties":{"id":"H095","osm_id":505406315,"kind":"house","name":null,"served":true,"priority":false,"lang":"iu","phones":["+1-819-555-0137"]}},{"type":"Feature","geometry":{"type":"Point","coordinates":[-78.104181,58.454763]},"properties":{"id":"H096","osm_id":505406316,"kind":"house","name":null,"served":true,"priority":false,"lang":"iu","phones":["+1-819-555-0185"]}},{"type":"Feature","geometry":{"type":"Point","coordinates":[-78.101856,58.461029]},"properties":{"id":"H097","osm_id":506089178,"kind":"house","name":null,"served":true,"priority":false,"lang":"iu","phones":["+1-819-555-0112"]}},{"type":"Feature","geometry":{"type":"Point","coordinates":[-78.101302,58.460134]},"properties":{"id":"H098","osm_id":506089179,"kind":"house","name":null,"served":true,"priority":false,"lang":"iu","phones":["+1-819-555-0112"]}},{"type":"Feature","geometry":{"type":"Point","coordinates":[-78.100984,58.460353]},"properties":{"id":"H099","osm_id":506089180,"kind":"house","name":null,"served":true,"priority":false,"lang":"fr","phones":["+1-819-555-0121"]}},{"type":"Feature","geometry":{"type":"Point","coordinates":[-78.100537,58.460171]},"properties":{"id":"H100","osm_id":506089181,"kind":"house","name":null,"served":true,"priority":false,"lang":"iu","phones":["+1-819-555-0107"]}},{"type":"Feature","geometry":{"type":"Point","coordinates":[-78.100844,58.45995]},"properties":{"id":"H101","osm_id":506089182,"kind":"house","name":null,"served":true,"priority":false,"lang":"iu","phones":["+1-819-555-0192"]}},{"type":"Feature","geometry":{"type":"Point","coordinates":[-78.102337,58.459997]},"properties":{"id":"H102","osm_id":506089183,"kind":"house","name":null,"served":true,"priority":false,"lang":"iu","phones":["+1-819-555-0182"]}},{"type":"Feature","geometry":{"type":"Point","coordinates":[-78.102095,58.460218]},"properties":{"id":"H103","osm_id":506089184,"kind":"house","name":null,"served":true,"priority":false,"lang":"iu","phones":["+1-819-555-0164"]}},{"type":"Feature","geometry":{"type":"Point","coordinates":[-78.102667,58.459752]},"properties":{"id":"H104","osm_id":506089185,"kind":"house","name":null,"served":true,"priority":false,"lang":"iu","phones":["+1-819-555-0175"]}},{"type":"Feature","geometry":{"type":"Point","coordinates":[-78.101807,58.459784]},"properties":{"id":"H105","osm_id":506089186,"kind":"house","name":null,"served":true,"priority":false,"lang":"iu","phones":["+1-819-555-0137"]}},{"type":"Feature","geometry":{"type":"Point","coordinates":[-78.101631,58.459343]},"properties":{"id":"H106","osm_id":506089187,"kind":"house","name":null,"served":true,"priority":false,"lang":"en","phones":["+1-819-555-0120"]}},{"type":"Feature","geometry":{"type":"Point","coordinates":[-78.101302,58.459565]},"properties":{"id":"H107","osm_id":506089188,"kind":"house","name":null,"served":true,"priority":false,"lang":"iu","phones":["+1-819-555-0108"]}},{"type":"Feature","geometry":{"type":"Point","coordinates":[-78.102453,58.459319]},"properties":{"id":"H108","osm_id":506089189,"kind":"house","name":null,"served":true,"priority":false,"lang":"iu","phones":["+1-819-555-0199"]}},{"type":"Feature","geometry":{"type":"Point","coordinates":[-78.102122,58.459548]},"properties":{"id":"H109","osm_id":506089190,"kind":"house","name":null,"served":true,"priority":false,"lang":"iu","phones":["+1-819-555-0101"]}},{"type":"Feature","geometry":{"type":"Point","coordinates":[-78.101947,58.459116]},"properties":{"id":"H110","osm_id":506089191,"kind":"house","name":null,"served":true,"priority":false,"lang":"iu","phones":["+1-819-555-0130"]}},{"type":"Feature","geometry":{"type":"Point","coordinates":[-78.102758,58.459067]},"properties":{"id":"H111","osm_id":506089192,"kind":"house","name":null,"served":true,"priority":false,"lang":"iu","phones":["+1-819-555-0115"]}},{"type":"Feature","geometry":{"type":"Point","coordinates":[-78.102249,58.458873]},"properties":{"id":"H112","osm_id":506089193,"kind":"house","name":null,"served":true,"priority":false,"lang":"iu","phones":["+1-819-555-0171"]}},{"type":"Feature","geometry":{"type":"Point","coordinates":[-78.102295,58.460706]},"properties":{"id":"H113","osm_id":506089194,"kind":"house","name":null,"served":true,"priority":false,"lang":"iu","phones":["+1-819-555-0144"]}},{"type":"Feature","geometry":{"type":"Point","coordinates":[-78.102396,58.461218]},"properties":{"id":"H114","osm_id":506089195,"kind":"house","name":null,"served":true,"priority":false,"lang":"iu","phones":["+1-819-555-0158"]}},{"type":"Feature","geometry":{"type":"Point","coordinates":[-78.10209,58.461448]},"properties":{"id":"H115","osm_id":506089196,"kind":"house","name":null,"served":true,"priority":false,"lang":"iu","phones":["+1-819-555-0183"]}},{"type":"Feature","geometry":{"type":"Point","coordinates":[-78.101544,58.461245]},"properties":{"id":"H116","osm_id":506089197,"kind":"house","name":null,"served":true,"priority":false,"lang":"iu","phones":["+1-819-555-0104"]}},{"type":"Feature","geometry":{"type":"Point","coordinates":[-78.101233,58.461471]},"properties":{"id":"H117","osm_id":506089198,"kind":"house","name":null,"served":true,"priority":false,"lang":"en","phones":["+1-819-555-0140"]}},{"type":"Feature","geometry":{"type":"Point","coordinates":[-78.101768,58.461674]},"properties":{"id":"H118","osm_id":506089199,"kind":"house","name":null,"served":true,"priority":false,"lang":"iu","phones":["+1-819-555-0176"]}},{"type":"Feature","geometry":{"type":"Point","coordinates":[-78.101347,58.461983]},"properties":{"id":"H119","osm_id":506089200,"kind":"house","name":null,"served":true,"priority":false,"lang":"iu","phones":["+1-819-555-0186"]}},{"type":"Feature","geometry":{"type":"Point","coordinates":[-78.1008,58.461772]},"properties":{"id":"H120","osm_id":506089201,"kind":"house","name":null,"served":true,"priority":false,"lang":"en","phones":["+1-819-555-0187"]}},{"type":"Feature","geometry":{"type":"Point","coordinates":[-78.100487,58.462005]},"properties":{"id":"H121","osm_id":506089202,"kind":"house","name":null,"served":true,"priority":false,"lang":"iu","phones":["+1-819-555-0164"]}},{"type":"Feature","geometry":{"type":"Point","coordinates":[-78.101038,58.462205]},"properties":{"id":"H122","osm_id":506089203,"kind":"house","name":null,"served":true,"priority":false,"lang":"iu","phones":["+1-819-555-0132"]}},{"type":"Feature","geometry":{"type":"Point","coordinates":[-78.100166,58.462229]},"properties":{"id":"H123","osm_id":506089204,"kind":"house","name":null,"served":true,"priority":false,"lang":"iu","phones":["+1-819-555-0145"]}},{"type":"Feature","geometry":{"type":"Point","coordinates":[-78.100726,58.462436]},"properties":{"id":"H124","osm_id":506089205,"kind":"house","name":null,"served":true,"priority":false,"lang":"iu","phones":["+1-819-555-0191"]}},{"type":"Feature","geometry":{"type":"Point","coordinates":[-78.101172,58.462658]},"properties":{"id":"H125","osm_id":506089206,"kind":"house","name":null,"served":true,"priority":false,"lang":"iu","phones":["+1-819-555-0103"]}},{"type":"Feature","geometry":{"type":"Point","coordinates":[-78.112449,58.45474]},"properties":{"id":"H126","osm_id":506089207,"kind":"house","name":null,"served":true,"priority":false,"lang":"iu","phones":["+1-819-555-0142"]}},{"type":"Feature","geometry":{"type":"Point","coordinates":[-78.112536,58.455062]},"properties":{"id":"H127","osm_id":506089208,"kind":"house","name":null,"served":true,"priority":false,"lang":"iu","phones":["+1-819-555-0198"]}},{"type":"Feature","geometry":{"type":"Point","coordinates":[-78.112226,58.455036]},"properties":{"id":"H128","osm_id":506089209,"kind":"house","name":null,"served":true,"priority":false,"lang":"iu","phones":["+1-819-555-0115"]}},{"type":"Feature","geometry":{"type":"Point","coordinates":[-78.111431,58.454983]},"properties":{"id":"H129","osm_id":506089210,"kind":"house","name":null,"served":true,"priority":false,"lang":"iu","phones":["+1-819-555-0153"]}},{"type":"Feature","geometry":{"type":"Point","coordinates":[-78.108867,58.455219]},"properties":{"id":"H130","osm_id":506089211,"kind":"house","name":null,"served":true,"priority":false,"lang":"iu","phones":["+1-819-555-0102"]}},{"type":"Feature","geometry":{"type":"Point","coordinates":[-78.107548,58.455924]},"properties":{"id":"H131","osm_id":506089212,"kind":"house","name":null,"served":true,"priority":false,"lang":"iu","phones":["+1-819-555-0143"]}},{"type":"Feature","geometry":{"type":"Point","coordinates":[-78.108102,58.455974]},"properties":{"id":"H132","osm_id":506089213,"kind":"house","name":null,"served":true,"priority":false,"lang":"iu","phones":["+1-819-555-0107"]}},{"type":"Feature","geometry":{"type":"Point","coordinates":[-78.108416,58.455751]},"properties":{"id":"H133","osm_id":506089214,"kind":"house","name":null,"served":true,"priority":false,"lang":"iu","phones":["+1-819-555-0114"]}},{"type":"Feature","geometry":{"type":"Point","coordinates":[-78.113361,58.456264]},"properties":{"id":"H134","osm_id":506089215,"kind":"house","name":null,"served":true,"priority":false,"lang":"iu","phones":["+1-819-555-0115"]}},{"type":"Feature","geometry":{"type":"Point","coordinates":[-78.112269,58.456526]},"properties":{"id":"H135","osm_id":506089216,"kind":"house","name":null,"served":true,"priority":false,"lang":"iu","phones":["+1-819-555-0116"]}},{"type":"Feature","geometry":{"type":"Point","coordinates":[-78.108149,58.455097]},"properties":{"id":"H136","osm_id":506089217,"kind":"house","name":null,"served":true,"priority":false,"lang":"iu","phones":["+1-819-555-0176"]}},{"type":"Feature","geometry":{"type":"Point","coordinates":[-78.107225,58.462312]},"properties":{"id":"H137","osm_id":506158196,"kind":"house","name":null,"served":true,"priority":false,"lang":"iu","phones":["+1-819-555-0183"]}},{"type":"Feature","geometry":{"type":"Point","coordinates":[-78.107172,58.462602]},"properties":{"id":"H138","osm_id":506158197,"kind":"house","name":null,"served":true,"priority":false,"lang":"iu","phones":["+1-819-555-0154"]}},{"type":"Feature","geometry":{"type":"Point","coordinates":[-78.107114,58.462869]},"properties":{"id":"H139","osm_id":506158198,"kind":"house","name":null,"served":true,"priority":false,"lang":"iu","phones":["+1-819-555-0145"]}},{"type":"Feature","geometry":{"type":"Point","coordinates":[-78.107084,58.463171]},"properties":{"id":"H140","osm_id":506158199,"kind":"house","name":null,"served":true,"priority":false,"lang":"iu","phones":["+1-819-555-0148"]}},{"type":"Feature","geometry":{"type":"Point","coordinates":[-78.106328,58.463477]},"properties":{"id":"H141","osm_id":506158200,"kind":"house","name":null,"served":true,"priority":false,"lang":"iu","phones":["+1-819-555-0153"]}},{"type":"Feature","geometry":{"type":"Point","coordinates":[-78.10704,58.463462]},"properties":{"id":"H142","osm_id":506158201,"kind":"house","name":null,"served":true,"priority":false,"lang":"iu","phones":["+1-819-555-0199"]}},{"type":"Feature","geometry":{"type":"Point","coordinates":[-78.10698,58.463745]},"properties":{"id":"H143","osm_id":506158202,"kind":"house","name":null,"served":true,"priority":false,"lang":"iu","phones":["+1-819-555-0169"]}},{"type":"Feature","geometry":{"type":"Point","coordinates":[-78.10688,58.464037]},"properties":{"id":"H144","osm_id":506158203,"kind":"house","name":null,"served":true,"priority":false,"lang":"iu","phones":["+1-819-555-0191"]}},{"type":"Feature","geometry":{"type":"Point","coordinates":[-78.106077,58.464001]},"properties":{"id":"H145","osm_id":506158204,"kind":"house","name":null,"served":true,"priority":false,"lang":"en","phones":["+1-819-555-0187"]}},{"type":"Feature","geometry":{"type":"Point","coordinates":[-78.106717,58.464317]},"properties":{"id":"H146","osm_id":506158205,"kind":"house","name":null,"served":true,"priority":false,"lang":"iu","phones":["+1-819-555-0132"]}},{"type":"Feature","geometry":{"type":"Point","coordinates":[-78.106539,58.464591]},"properties":{"id":"H147","osm_id":506158206,"kind":"house","name":null,"served":true,"priority":false,"lang":"iu","phones":["+1-819-555-0129"]}},{"type":"Feature","geometry":{"type":"Point","coordinates":[-78.106368,58.464865]},"properties":{"id":"H148","osm_id":506158207,"kind":"house","name":null,"served":true,"priority":false,"lang":"iu","phones":["+1-819-555-0135"]}},{"type":"Feature","geometry":{"type":"Point","coordinates":[-78.106202,58.465148]},"properties":{"id":"H149","osm_id":506158208,"kind":"house","name":null,"served":true,"priority":false,"lang":"iu","phones":["+1-819-555-0153"]}},{"type":"Feature","geometry":{"type":"Point","coordinates":[-78.106122,58.465449]},"properties":{"id":"H150","osm_id":506158209,"kind":"house","name":null,"served":true,"priority":false,"lang":"iu","phones":["+1-819-555-0140"]}},{"type":"Feature","geometry":{"type":"Point","coordinates":[-78.10592,58.464281]},"properties":{"id":"H151","osm_id":506158210,"kind":"house","name":null,"served":true,"priority":false,"lang":"iu","phones":["+1-819-555-0180"]}},{"type":"Feature","geometry":{"type":"Point","coordinates":[-78.105745,58.464553]},"properties":{"id":"H152","osm_id":506158211,"kind":"house","name":null,"served":true,"priority":false,"lang":"iu","phones":["+1-819-555-0122"]}},{"type":"Feature","geometry":{"type":"Point","coordinates":[-78.105568,58.464826]},"properties":{"id":"H153","osm_id":506158212,"kind":"house","name":null,"served":true,"priority":false,"lang":"iu","phones":["+1-819-555-0183"]}},{"type":"Feature","geometry":{"type":"Point","coordinates":[-78.105483,58.463834]},"properties":{"id":"H154","osm_id":506158213,"kind":"house","name":null,"served":true,"priority":false,"lang":"en","phones":["+1-819-555-0165"]}},{"type":"Feature","geometry":{"type":"Point","coordinates":[-78.105321,58.464098]},"properties":{"id":"H155","osm_id":506158214,"kind":"house","name":null,"served":true,"priority":false,"lang":"iu","phones":["+1-819-555-0143"]}},{"type":"Feature","geometry":{"type":"Point","coordinates":[-78.105168,58.464346]},"properties":{"id":"H156","osm_id":506158215,"kind":"house","name":null,"served":true,"priority":false,"lang":"iu","phones":["+1-819-555-0196"]}},{"type":"Feature","geometry":{"type":"Point","coordinates":[-78.10502,58.464602]},"properties":{"id":"H157","osm_id":506158216,"kind":"house","name":null,"served":true,"priority":false,"lang":"iu","phones":["+1-819-555-0107"]}},{"type":"Feature","geometry":{"type":"Point","coordinates":[-78.105352,58.465614]},"properties":{"id":"H158","osm_id":506158217,"kind":"house","name":null,"served":true,"priority":false,"lang":"iu","phones":["+1-819-555-0101"]}},{"type":"Feature","geometry":{"type":"Point","coordinates":[-78.105236,58.465265]},"properties":{"id":"H159","osm_id":506158218,"kind":"house","name":null,"served":true,"priority":false,"lang":"iu","phones":["+1-819-555-0131"]}},{"type":"Feature","geometry":{"type":"Point","coordinates":[-78.104835,58.465474]},"properties":{"id":"H160","osm_id":506158219,"kind":"house","name":null,"served":true,"priority":false,"lang":"iu","phones":["+1-819-555-0128"]}},{"type":"Feature","geometry":{"type":"Point","coordinates":[-78.104444,58.465281]},"properties":{"id":"H161","osm_id":506158220,"kind":"house","name":null,"served":true,"priority":false,"lang":"iu","phones":["+1-819-555-0119"]}},{"type":"Feature","geometry":{"type":"Point","coordinates":[-78.104036,58.465076]},"properties":{"id":"H162","osm_id":506158221,"kind":"house","name":null,"served":true,"priority":false,"lang":"en","phones":["+1-819-555-0151"]}},{"type":"Feature","geometry":{"type":"Point","coordinates":[-78.10485,58.465059]},"properties":{"id":"H163","osm_id":506158222,"kind":"house","name":null,"served":true,"priority":false,"lang":"iu","phones":["+1-819-555-0146"]}},{"type":"Feature","geometry":{"type":"Point","coordinates":[-78.10445,58.464859]},"properties":{"id":"H164","osm_id":506158223,"kind":"house","name":null,"served":true,"priority":false,"lang":"fr","phones":["+1-819-555-0129"]}},{"type":"Feature","geometry":{"type":"Point","coordinates":[-78.103655,58.464871]},"properties":{"id":"H165","osm_id":506158224,"kind":"house","name":null,"served":true,"priority":false,"lang":"iu","phones":["+1-819-555-0135"]}},{"type":"Feature","geometry":{"type":"Point","coordinates":[-78.103241,58.464677]},"properties":{"id":"H166","osm_id":506158225,"kind":"house","name":null,"served":true,"priority":false,"lang":"iu","phones":["+1-819-555-0125"]}},{"type":"Feature","geometry":{"type":"Point","coordinates":[-78.104052,58.464658]},"properties":{"id":"H167","osm_id":506158226,"kind":"house","name":null,"served":true,"priority":false,"lang":"iu","phones":["+1-819-555-0158"]}},{"type":"Feature","geometry":{"type":"Point","coordinates":[-78.103653,58.464465]},"properties":{"id":"H168","osm_id":506158227,"kind":"house","name":null,"served":true,"priority":false,"lang":"iu","phones":["+1-819-555-0170"]}},{"type":"Feature","geometry":{"type":"Point","coordinates":[-78.103272,58.464254]},"properties":{"id":"H169","osm_id":506158228,"kind":"house","name":null,"served":true,"priority":false,"lang":"iu","phones":["+1-819-555-0186"]}},{"type":"Feature","geometry":{"type":"Point","coordinates":[-78.10288,58.464062]},"properties":{"id":"H170","osm_id":506158229,"kind":"house","name":null,"served":true,"priority":false,"lang":"iu","phones":["+1-819-555-0124"]}},{"type":"Feature","geometry":{"type":"Point","coordinates":[-78.102495,58.463869]},"properties":{"id":"H171","osm_id":506158230,"kind":"house","name":null,"served":true,"priority":false,"lang":"iu","phones":["+1-819-555-0152"]}},{"type":"Feature","geometry":{"type":"Point","coordinates":[-78.102075,58.463651]},"properties":{"id":"H172","osm_id":506158231,"kind":"house","name":null,"served":true,"priority":false,"lang":"iu","phones":["+1-819-555-0100"]}},{"type":"Feature","geometry":{"type":"Point","coordinates":[-78.101696,58.463461]},"properties":{"id":"H173","osm_id":506158232,"kind":"house","name":null,"served":true,"priority":false,"lang":"fr","phones":["+1-819-555-0166"]}},{"type":"Feature","geometry":{"type":"Point","coordinates":[-78.101311,58.463259]},"properties":{"id":"H174","osm_id":506158233,"kind":"house","name":null,"served":true,"priority":false,"lang":"iu","phones":["+1-819-555-0104"]}},{"type":"Feature","geometry":{"type":"Point","coordinates":[-78.104158,58.464186]},"properties":{"id":"H175","osm_id":506158234,"kind":"house","name":null,"served":true,"priority":false,"lang":"iu","phones":["+1-819-555-0110"]}},{"type":"Feature","geometry":{"type":"Point","coordinates":[-78.103757,58.463986]},"properties":{"id":"H176","osm_id":506158235,"kind":"house","name":null,"served":true,"priority":false,"lang":"iu","phones":["+1-819-555-0169"]}},{"type":"Feature","geometry":{"type":"Point","coordinates":[-78.103376,58.463792]},"properties":{"id":"H177","osm_id":506158236,"kind":"house","name":null,"served":true,"priority":false,"lang":"iu","phones":["+1-819-555-0117"]}},{"type":"Feature","geometry":{"type":"Point","coordinates":[-78.102971,58.463592]},"properties":{"id":"H178","osm_id":506158237,"kind":"house","name":null,"served":true,"priority":false,"lang":"iu","phones":["+1-819-555-0112"]}},{"type":"Feature","geometry":{"type":"Point","coordinates":[-78.102561,58.463385]},"properties":{"id":"H179","osm_id":506158238,"kind":"house","name":null,"served":true,"priority":false,"lang":"fr","phones":["+1-819-555-0102"]}},{"type":"Feature","geometry":{"type":"Point","coordinates":[-78.102188,58.463193]},"properties":{"id":"H180","osm_id":506158239,"kind":"house","name":null,"served":true,"priority":false,"lang":"iu","phones":["+1-819-555-0189"]}},{"type":"Feature","geometry":{"type":"Point","coordinates":[-78.107996,58.45537]},"properties":{"id":"H181","osm_id":506158240,"kind":"house","name":null,"served":true,"priority":false,"lang":"iu","phones":["+1-819-555-0173"]}},{"type":"Feature","geometry":{"type":"Point","coordinates":[-78.107774,58.455586]},"properties":{"id":"H182","osm_id":506158241,"kind":"house","name":null,"served":true,"priority":false,"lang":"iu","phones":["+1-819-555-0150"]}},{"type":"Feature","geometry":{"type":"Point","coordinates":[-78.107233,58.455558]},"properties":{"id":"H183","osm_id":506158242,"kind":"house","name":null,"served":true,"priority":false,"lang":"iu","phones":["+1-819-555-0166"]}},{"type":"Feature","geometry":{"type":"Point","coordinates":[-78.106843,58.455513]},"properties":{"id":"H184","osm_id":506158243,"kind":"house","name":null,"served":true,"priority":false,"lang":"iu","phones":["+1-819-555-0184"]}},{"type":"Feature","geometry":{"type":"Point","coordinates":[-78.107587,58.455046]},"properties":{"id":"H185","osm_id":506158244,"kind":"house","name":null,"served":true,"priority":false,"lang":"iu","phones":["+1-819-555-0165"]}},{"type":"Feature","geometry":{"type":"Point","coordinates":[-78.107074,58.454879]},"properties":{"id":"H186","osm_id":506158245,"kind":"house","name":null,"served":true,"priority":false,"lang":"iu","phones":["+1-819-555-0118"]}},{"type":"Feature","geometry":{"type":"Point","coordinates":[-78.106838,58.455055]},"properties":{"id":"H187","osm_id":506158246,"kind":"house","name":null,"served":true,"priority":false,"lang":"iu","phones":["+1-819-555-0142"]}},{"type":"Feature","geometry":{"type":"Point","coordinates":[-78.106425,58.455388]},"properties":{"id":"H188","osm_id":506158247,"kind":"house","name":null,"served":true,"priority":false,"lang":"iu","phones":["+1-819-555-0139"]}},{"type":"Feature","geometry":{"type":"Point","coordinates":[-78.105497,58.454892]},"properties":{"id":"H189","osm_id":506158248,"kind":"house","name":null,"served":true,"priority":false,"lang":"iu","phones":["+1-819-555-0175"]}},{"type":"Feature","geometry":{"type":"Point","coordinates":[-78.105501,58.454472]},"properties":{"id":"H190","osm_id":506158249,"kind":"house","name":null,"served":true,"priority":false,"lang":"iu","phones":["+1-819-555-0124"]}},{"type":"Feature","geometry":{"type":"Point","coordinates":[-78.105813,58.454813]},"properties":{"id":"H191","osm_id":506158250,"kind":"house","name":null,"served":true,"priority":false,"lang":"iu","phones":["+1-819-555-0137"]}},{"type":"Feature","geometry":{"type":"Point","coordinates":[-78.106124,58.455019]},"properties":{"id":"H192","osm_id":506158251,"kind":"house","name":null,"served":true,"priority":false,"lang":"iu","phones":["+1-819-555-0136"]}},{"type":"Feature","geometry":{"type":"Point","coordinates":[-78.106305,58.454679]},"properties":{"id":"H193","osm_id":506158252,"kind":"house","name":null,"served":true,"priority":false,"lang":"iu","phones":["+1-819-555-0149"]}},{"type":"Feature","geometry":{"type":"Point","coordinates":[-78.105916,58.454583]},"properties":{"id":"H194","osm_id":506158253,"kind":"house","name":null,"served":true,"priority":false,"lang":"iu","phones":["+1-819-555-0195"]}},{"type":"Feature","geometry":{"type":"Point","coordinates":[-78.110347,58.454653]},"properties":{"id":"H195","osm_id":506158254,"kind":"house","name":null,"served":true,"priority":false,"lang":"iu","phones":["+1-819-555-0177"]}},{"type":"Feature","geometry":{"type":"Point","coordinates":[-78.109299,58.454658]},"properties":{"id":"H196","osm_id":506158255,"kind":"house","name":null,"served":true,"priority":false,"lang":"iu","phones":["+1-819-555-0154"]}},{"type":"Feature","geometry":{"type":"Point","coordinates":[-78.106608,58.45442]},"properties":{"id":"H197","osm_id":506158256,"kind":"house","name":null,"served":true,"priority":false,"lang":"iu","phones":["+1-819-555-0198"]}},{"type":"Feature","geometry":{"type":"Point","coordinates":[-78.106209,58.454286]},"properties":{"id":"H198","osm_id":506158257,"kind":"house","name":null,"served":true,"priority":false,"lang":"en","phones":["+1-819-555-0168"]}},{"type":"Feature","geometry":{"type":"Point","coordinates":[-78.105737,58.454214]},"properties":{"id":"H199","osm_id":506158258,"kind":"house","name":null,"served":true,"priority":false,"lang":"iu","phones":["+1-819-555-0166"]}},{"type":"Feature","geometry":{"type":"Point","coordinates":[-78.105328,58.454091]},"properties":{"id":"H200","osm_id":506158259,"kind":"house","name":null,"served":true,"priority":false,"lang":"iu","phones":["+1-819-555-0140"]}},{"type":"Feature","geometry":{"type":"Point","coordinates":[-78.106777,58.454129]},"properties":{"id":"H201","osm_id":506158260,"kind":"house","name":null,"served":true,"priority":false,"lang":"iu","phones":["+1-819-555-0120"]}},{"type":"Feature","geometry":{"type":"Point","coordinates":[-78.106442,58.454037]},"properties":{"id":"H202","osm_id":506158261,"kind":"house","name":null,"served":true,"priority":false,"lang":"iu","phones":["+1-819-555-0114"]}},{"type":"Feature","geometry":{"type":"Point","coordinates":[-78.105971,58.453966]},"properties":{"id":"H203","osm_id":506158262,"kind":"house","name":null,"served":true,"priority":false,"lang":"iu","phones":["+1-819-555-0190"]}},{"type":"Feature","geometry":{"type":"Point","coordinates":[-78.105526,58.453849]},"properties":{"id":"H204","osm_id":506158263,"kind":"house","name":null,"served":true,"priority":false,"lang":"iu","phones":["+1-819-555-0100"]}},{"type":"Feature","geometry":{"type":"Point","coordinates":[-78.108294,58.453477]},"properties":{"id":"H205","osm_id":506158264,"kind":"house","name":null,"served":true,"priority":false,"lang":"iu","phones":["+1-819-555-0108"]}},{"type":"Feature","geometry":{"type":"Point","coordinates":[-78.107923,58.453008]},"properties":{"id":"H206","osm_id":506158265,"kind":"house","name":null,"served":true,"priority":false,"lang":"iu","phones":["+1-819-555-0127"]}},{"type":"Feature","geometry":{"type":"Point","coordinates":[-78.107548,58.453243]},"properties":{"id":"H207","osm_id":506158266,"kind":"house","name":null,"served":true,"priority":false,"lang":"iu","phones":["+1-819-555-0176"]}},{"type":"Feature","geometry":{"type":"Point","coordinates":[-78.107341,58.4536]},"properties":{"id":"H208","osm_id":506158267,"kind":"house","name":null,"served":true,"priority":false,"lang":"iu","phones":["+1-819-555-0116"]}},{"type":"Feature","geometry":{"type":"Point","coordinates":[-78.106823,58.453799]},"properties":{"id":"H209","osm_id":506158268,"kind":"house","name":null,"served":true,"priority":false,"lang":"iu","phones":["+1-819-555-0141"]}},{"type":"Feature","geometry":{"type":"Point","coordinates":[-78.106446,58.453702]},"properties":{"id":"H210","osm_id":506181992,"kind":"house","name":null,"served":true,"priority":false,"lang":"iu","phones":["+1-819-555-0193"]}},{"type":"Feature","geometry":{"type":"Point","coordinates":[-78.106058,58.45361]},"properties":{"id":"H211","osm_id":506181993,"kind":"house","name":null,"served":true,"priority":false,"lang":"iu","phones":["+1-819-555-0133"]}},{"type":"Feature","geometry":{"type":"Point","coordinates":[-78.105647,58.45352]},"properties":{"id":"H212","osm_id":506181994,"kind":"house","name":null,"served":true,"priority":false,"lang":"iu","phones":["+1-819-555-0182"]}},{"type":"Feature","geometry":{"type":"Point","coordinates":[-78.106846,58.453499]},"properties":{"id":"H213","osm_id":506181995,"kind":"house","name":null,"served":true,"priority":false,"lang":"iu","phones":["+1-819-555-0160"]}},{"type":"Feature","geometry":{"type":"Point","coordinates":[-78.106414,58.453329]},"properties":{"id":"H214","osm_id":506181996,"kind":"house","name":null,"served":true,"priority":false,"lang":"en","phones":["+1-819-555-0115"]}},{"type":"Feature","geometry":{"type":"Point","coordinates":[-78.106014,58.453141]},"properties":{"id":"H215","osm_id":506181997,"kind":"house","name":null,"served":true,"priority":false,"lang":"iu","phones":["+1-819-555-0131"]}},{"type":"Feature","geometry":{"type":"Point","coordinates":[-78.105718,58.45331]},"properties":{"id":"H216","osm_id":506181998,"kind":"house","name":null,"served":true,"priority":false,"lang":"iu","phones":["+1-819-555-0187"]}},{"type":"Feature","geometry":{"type":"Point","coordinates":[-78.106888,58.45312]},"properties":{"id":"H217","osm_id":506181999,"kind":"house","name":null,"served":true,"priority":false,"lang":"iu","phones":["+1-819-555-0174"]}},{"type":"Feature","geometry":{"type":"Point","coordinates":[-78.106795,58.452598]},"properties":{"id":"H218","osm_id":506182000,"kind":"house","name":null,"served":true,"priority":false,"lang":"iu","phones":["+1-819-555-0108"]}},{"type":"Feature","geometry":{"type":"Point","coordinates":[-78.106468,58.452866]},"properties":{"id":"H219","osm_id":506182001,"kind":"house","name":null,"served":true,"priority":false,"lang":"iu","phones":["+1-819-555-0111"]}},{"type":"Feature","geometry":{"type":"Point","coordinates":[-78.1075,58.452142]},"properties":{"id":"H220","osm_id":506182002,"kind":"house","name":null,"served":true,"priority":false,"lang":"iu","phones":["+1-819-555-0199"]}},{"type":"Feature","geometry":{"type":"Point","coordinates":[-78.105914,58.452531]},"properties":{"id":"H221","osm_id":506182003,"kind":"house","name":null,"served":true,"priority":false,"lang":"iu","phones":["+1-819-555-0196"]}},{"type":"Feature","geometry":{"type":"Point","coordinates":[-78.107555,58.451903]},"properties":{"id":"H222","osm_id":506182004,"kind":"house","name":null,"served":true,"priority":false,"lang":"iu","phones":["+1-819-555-0121"]}},{"type":"Feature","geometry":{"type":"Point","coordinates":[-78.107109,58.451677]},"properties":{"id":"H223","osm_id":506182005,"kind":"house","name":null,"served":true,"priority":false,"lang":"iu","phones":["+1-819-555-0164"]}},{"type":"Feature","geometry":{"type":"Point","coordinates":[-78.106592,58.452226]},"properties":{"id":"H224","osm_id":506182006,"kind":"house","name":null,"served":true,"priority":false,"lang":"iu","phones":["+1-819-555-0141"]}},{"type":"Feature","geometry":{"type":"Point","coordinates":[-78.105863,58.452253]},"properties":{"id":"H225","osm_id":506182007,"kind":"house","name":null,"served":true,"priority":false,"lang":"en","phones":["+1-819-555-0192"]}},{"type":"Feature","geometry":{"type":"Point","coordinates":[-78.105498,58.452406]},"properties":{"id":"H226","osm_id":506182008,"kind":"house","name":null,"served":true,"priority":false,"lang":"iu","phones":["+1-819-555-0163"]}},{"type":"Feature","geometry":{"type":"Point","coordinates":[-78.106183,58.452111]},"properties":{"id":"H227","osm_id":506182009,"kind":"house","name":null,"served":true,"priority":false,"lang":"iu","phones":["+1-819-555-0122"]}},{"type":"Feature","geometry":{"type":"Point","coordinates":[-78.106618,58.451841]},"properties":{"id":"H228","osm_id":506182010,"kind":"house","name":null,"served":true,"priority":false,"lang":"iu","phones":["+1-819-555-0159"]}},{"type":"Feature","geometry":{"type":"Point","coordinates":[-78.105113,58.452107]},"properties":{"id":"H229","osm_id":506182011,"kind":"house","name":null,"served":true,"priority":false,"lang":"iu","phones":["+1-819-555-0188"]}},{"type":"Feature","geometry":{"type":"Point","coordinates":[-78.104843,58.452254]},"properties":{"id":"H230","osm_id":506182012,"kind":"house","name":null,"served":true,"priority":false,"lang":"en","phones":["+1-819-555-0197"]}},{"type":"Feature","geometry":{"type":"Point","coordinates":[-78.104453,58.452073]},"properties":{"id":"H231","osm_id":506182013,"kind":"house","name":null,"served":true,"priority":false,"lang":"iu","phones":["+1-819-555-0152"]}},{"type":"Feature","geometry":{"type":"Point","coordinates":[-78.10445,58.452187]},"properties":{"id":"H232","osm_id":506182014,"kind":"house","name":null,"served":true,"priority":false,"lang":"iu","phones":["+1-819-555-0175"]}},{"type":"Feature","geometry":{"type":"Point","coordinates":[-78.104854,58.451921]},"properties":{"id":"H233","osm_id":506182015,"kind":"house","name":null,"served":true,"priority":false,"lang":"iu","phones":["+1-819-555-0119"]}},{"type":"Feature","geometry":{"type":"Point","coordinates":[-78.105169,58.451733]},"properties":{"id":"H234","osm_id":506182016,"kind":"house","name":null,"served":true,"priority":false,"lang":"iu","phones":["+1-819-555-0172"]}},{"type":"Feature","geometry":{"type":"Point","coordinates":[-78.105292,58.45181]},"properties":{"id":"H235","osm_id":506182017,"kind":"house","name":null,"served":true,"priority":false,"lang":"iu","phones":["+1-819-555-0116"]}},{"type":"Feature","geometry":{"type":"Point","coordinates":[-78.104524,58.452416]},"properties":{"id":"H236","osm_id":506182018,"kind":"house","name":null,"served":true,"priority":false,"lang":"iu","phones":["+1-819-555-0142"]}},{"type":"Feature","geometry":{"type":"Point","coordinates":[-78.104279,58.452502]},"properties":{"id":"H237","osm_id":506182019,"kind":"house","name":null,"served":true,"priority":false,"lang":"iu","phones":["+1-819-555-0140"]}},{"type":"Feature","geometry":{"type":"Point","coordinates":[-78.104108,58.45237]},"properties":{"id":"H238","osm_id":506182020,"kind":"house","name":null,"served":true,"priority":false,"lang":"iu","phones":["+1-819-555-0156"]}},{"type":"Feature","geometry":{"type":"Point","coordinates":[-78.104116,58.452321]},"properties":{"id":"H239","osm_id":506182021,"kind":"house","name":null,"served":true,"priority":false,"lang":"iu","phones":["+1-819-555-0169"]}},{"type":"Feature","geometry":{"type":"Point","coordinates":[-78.104083,58.45223]},"properties":{"id":"H240","osm_id":506182022,"kind":"house","name":null,"served":true,"priority":false,"lang":"iu","phones":["+1-819-555-0129"]}},{"type":"Feature","geometry":{"type":"Point","coordinates":[-78.103607,58.452861]},"properties":{"id":"H241","osm_id":506182023,"kind":"house","name":null,"served":true,"priority":false,"lang":"iu","phones":["+1-819-555-0118"]}},{"type":"Feature","geometry":{"type":"Point","coordinates":[-78.106059,58.451727]},"properties":{"id":"H242","osm_id":506182024,"kind":"house","name":null,"served":true,"priority":false,"lang":"iu","phones":["+1-819-555-0115"]}},{"type":"Feature","geometry":{"type":"Point","coordinates":[-78.10745,58.450753]},"properties":{"id":"H243","osm_id":506182025,"kind":"house","name":null,"served":true,"priority":false,"lang":"iu","phones":["+1-819-555-0173"]}},{"type":"Feature","geometry":{"type":"Point","coordinates":[-78.106759,58.450725]},"properties":{"id":"H244","osm_id":506182026,"kind":"house","name":null,"served":true,"priority":false,"lang":"iu","phones":["+1-819-555-0151"]}},{"type":"Feature","geometry":{"type":"Point","coordinates":[-78.107459,58.451113]},"properties":{"id":"H245","osm_id":506182027,"kind":"house","name":null,"served":true,"priority":false,"lang":"iu","phones":["+1-819-555-0170"]}},{"type":"Feature","geometry":{"type":"Point","coordinates":[-78.107107,58.450904]},"properties":{"id":"H246","osm_id":506182028,"kind":"house","name":null,"served":true,"priority":false,"lang":"iu","phones":["+1-819-555-0186"]}},{"type":"Feature","geometry":{"type":"Point","coordinates":[-78.107119,58.451262]},"properties":{"id":"H247","osm_id":506182029,"kind":"house","name":null,"served":true,"priority":false,"lang":"iu","phones":["+1-819-555-0112"]}},{"type":"Feature","geometry":{"type":"Point","coordinates":[-78.106765,58.451046]},"properties":{"id":"H248","osm_id":506182030,"kind":"house","name":null,"served":true,"priority":false,"lang":"iu","phones":["+1-819-555-0163"]}},{"type":"Feature","geometry":{"type":"Point","coordinates":[-78.106757,58.451392]},"properties":{"id":"H249","osm_id":506182031,"kind":"house","name":null,"served":true,"priority":false,"lang":"en","phones":["+1-819-555-0181"]}},{"type":"Feature","geometry":{"type":"Point","coordinates":[-78.106402,58.45121]},"properties":{"id":"H250","osm_id":506182032,"kind":"house","name":null,"served":true,"priority":false,"lang":"fr","phones":["+1-819-555-0185"]}},{"type":"Feature","geometry":{"type":"Point","coordinates":[-78.10639,58.451581]},"properties":{"id":"H251","osm_id":506182033,"kind":"house","name":null,"served":true,"priority":false,"lang":"iu","phones":["+1-819-555-0166"]}},{"type":"Feature","geometry":{"type":"Point","coordinates":[-78.10569,58.451506]},"properties":{"id":"H252","osm_id":506182035,"kind":"house","name":null,"served":true,"priority":false,"lang":"iu","phones":["+1-819-555-0145"]}},{"type":"Feature","geometry":{"type":"Point","coordinates":[-78.104794,58.451511]},"properties":{"id":"H253","osm_id":506182036,"kind":"house","name":null,"served":true,"priority":false,"lang":"iu","phones":["+1-819-555-0107"]}},{"type":"Feature","geometry":{"type":"Point","coordinates":[-78.118104,58.450924]},"properties":{"id":"H254","osm_id":506182042,"kind":"house","name":null,"served":true,"priority":false,"lang":"en","phones":["+1-819-555-0192"]}},{"type":"Feature","geometry":{"type":"Point","coordinates":[-78.112987,58.451375]},"properties":{"id":"H255","osm_id":506182044,"kind":"house","name":null,"served":true,"priority":false,"lang":"iu","phones":["+1-819-555-0134"]}},{"type":"Feature","geometry":{"type":"Point","coordinates":[-78.113876,58.451145]},"properties":{"id":"H256","osm_id":506182046,"kind":"house","name":null,"served":true,"priority":false,"lang":"iu","phones":["+1-819-555-0132"]}},{"type":"Feature","geometry":{"type":"Point","coordinates":[-78.114271,58.450949]},"properties":{"id":"H257","osm_id":506182048,"kind":"house","name":null,"served":true,"priority":false,"lang":"iu","phones":["+1-819-555-0174"]}},{"type":"Feature","geometry":{"type":"Point","coordinates":[-78.114651,58.450756]},"properties":{"id":"H258","osm_id":506182050,"kind":"house","name":null,"served":true,"priority":false,"lang":"iu","phones":["+1-819-555-0153"]}},{"type":"Feature","geometry":{"type":"Point","coordinates":[-78.115026,58.450585]},"properties":{"id":"H259","osm_id":506182052,"kind":"house","name":null,"served":true,"priority":false,"lang":"iu","phones":["+1-819-555-0160"]}},{"type":"Feature","geometry":{"type":"Point","coordinates":[-78.113566,58.450777]},"properties":{"id":"H260","osm_id":506182054,"kind":"house","name":null,"served":true,"priority":false,"lang":"en","phones":["+1-819-555-0161"]}},{"type":"Feature","geometry":{"type":"Point","coordinates":[-78.114065,58.450545]},"properties":{"id":"H261","osm_id":506182056,"kind":"house","name":null,"served":true,"priority":false,"lang":"iu","phones":["+1-819-555-0104"]}},{"type":"Feature","geometry":{"type":"Point","coordinates":[-78.113885,58.450624]},"properties":{"id":"H262","osm_id":506182058,"kind":"house","name":null,"served":true,"priority":false,"lang":"iu","phones":["+1-819-555-0181"]}},{"type":"Feature","geometry":{"type":"Point","coordinates":[-78.114473,58.450344]},"properties":{"id":"H263","osm_id":506182060,"kind":"house","name":null,"served":true,"priority":false,"lang":"iu","phones":["+1-819-555-0134"]}},{"type":"Feature","geometry":{"type":"Point","coordinates":[-78.114059,58.450089]},"properties":{"id":"H264","osm_id":506182063,"kind":"house","name":null,"served":true,"priority":false,"lang":"iu","phones":["+1-819-555-0199"]}},{"type":"Feature","geometry":{"type":"Point","coordinates":[-78.11362,58.450302]},"properties":{"id":"H265","osm_id":506182065,"kind":"house","name":null,"served":true,"priority":false,"lang":"iu","phones":["+1-819-555-0158"]}},{"type":"Feature","geometry":{"type":"Point","coordinates":[-78.113108,58.450532]},"properties":{"id":"H266","osm_id":506182067,"kind":"house","name":null,"served":true,"priority":false,"lang":"iu","phones":["+1-819-555-0179"]}},{"type":"Feature","geometry":{"type":"Point","coordinates":[-78.112675,58.450757]},"properties":{"id":"H267","osm_id":506182068,"kind":"house","name":null,"served":true,"priority":false,"lang":"iu","phones":["+1-819-555-0110"]}},{"type":"Feature","geometry":{"type":"Point","coordinates":[-78.113135,58.450947]},"properties":{"id":"H268","osm_id":506182069,"kind":"house","name":null,"served":true,"priority":false,"lang":"iu","phones":["+1-819-555-0124"]}},{"type":"Feature","geometry":{"type":"Point","coordinates":[-78.11201,58.451089]},"properties":{"id":"H269","osm_id":506182070,"kind":"house","name":null,"served":true,"priority":false,"lang":"iu","phones":["+1-819-555-0101"]}},{"type":"Feature","geometry":{"type":"Point","coordinates":[-78.111045,58.451207]},"properties":{"id":"H270","osm_id":506182071,"kind":"house","name":null,"served":true,"priority":false,"lang":"fr","phones":["+1-819-555-0119"]}},{"type":"Feature","geometry":{"type":"Point","coordinates":[-78.111487,58.45068]},"properties":{"id":"H271","osm_id":506182072,"kind":"house","name":null,"served":true,"priority":false,"lang":"iu","phones":["+1-819-555-0128"]}},{"type":"Feature","geometry":{"type":"Point","coordinates":[-78.110984,58.450403]},"properties":{"id":"H272","osm_id":506182073,"kind":"house","name":null,"served":true,"priority":false,"lang":"en","phones":["+1-819-555-0126"]}},{"type":"Feature","geometry":{"type":"Point","coordinates":[-78.11042,58.450611]},"properties":{"id":"H273","osm_id":506182074,"kind":"house","name":null,"served":true,"priority":false,"lang":"iu","phones":["+1-819-555-0121"]}},{"type":"Feature","geometry":{"type":"Point","coordinates":[-78.110499,58.450935]},"properties":{"id":"H274","osm_id":506182075,"kind":"house","name":null,"served":true,"priority":false,"lang":"iu","phones":["+1-819-555-0110"]}},{"type":"Feature","geometry":{"type":"Point","coordinates":[-78.110395,58.451275]},"properties":{"id":"H275","osm_id":506182076,"kind":"house","name":null,"served":true,"priority":false,"lang":"iu","phones":["+1-819-555-0191"]}},{"type":"Feature","geometry":{"type":"Point","coordinates":[-78.109901,58.451514]},"properties":{"id":"H276","osm_id":506182077,"kind":"house","name":null,"served":true,"priority":false,"lang":"iu","phones":["+1-819-555-0175"]}},{"type":"Feature","geometry":{"type":"Point","coordinates":[-78.109266,58.45155]},"properties":{"id":"H277","osm_id":506182078,"kind":"house","name":null,"served":true,"priority":false,"lang":"iu","phones":["+1-819-555-0113"]}},{"type":"Feature","geometry":{"type":"Point","coordinates":[-78.108715,58.451555]},"properties":{"id":"H278","osm_id":506182079,"kind":"house","name":null,"served":true,"priority":false,"lang":"iu","phones":["+1-819-555-0153"]}},{"type":"Feature","geometry":{"type":"Point","coordinates":[-78.108283,58.451562]},"properties":{"id":"H279","osm_id":506182080,"kind":"house","name":null,"served":true,"priority":false,"lang":"iu","phones":["+1-819-555-0170"]}},{"type":"Feature","geometry":{"type":"Point","coordinates":[-78.107878,58.451572]},"properties":{"id":"H280","osm_id":506182081,"kind":"house","name":null,"served":true,"priority":false,"lang":"iu","phones":["+1-819-555-0129"]}},{"type":"Feature","geometry":{"type":"Point","coordinates":[-78.109677,58.451172]},"properties":{"id":"H281","osm_id":506182082,"kind":"house","name":null,"served":true,"priority":false,"lang":"fr","phones":["+1-819-555-0160"]}},{"type":"Feature","geometry":{"type":"Point","coordinates":[-78.109191,58.451178]},"properties":{"id":"H282","osm_id":506182083,"kind":"house","name":null,"served":true,"priority":false,"lang":"iu","phones":["+1-819-555-0143"]}},{"type":"Feature","geometry":{"type":"Point","coordinates":[-78.109704,58.450775]},"properties":{"id":"H283","osm_id":506182084,"kind":"house","name":null,"served":true,"priority":false,"lang":"iu","phones":["+1-819-555-0140"]}},{"type":"Feature","geometry":{"type":"Point","coordinates":[-78.109171,58.450816]},"properties":{"id":"H284","osm_id":506182085,"kind":"house","name":null,"served":true,"priority":false,"lang":"iu","phones":["+1-819-555-0132"]}},{"type":"Feature","geometry":{"type":"Point","coordinates":[-78.108699,58.451189]},"properties":{"id":"H285","osm_id":506182086,"kind":"house","name":null,"served":true,"priority":false,"lang":"iu","phones":["+1-819-555-0141"]}},{"type":"Feature","geometry":{"type":"Point","coordinates":[-78.108175,58.451252]},"properties":{"id":"H286","osm_id":506182087,"kind":"house","name":null,"served":true,"priority":false,"lang":"iu","phones":["+1-819-555-0104"]}},{"type":"Feature","geometry":{"type":"Point","coordinates":[-78.108161,58.450965]},"properties":{"id":"H287","osm_id":506182088,"kind":"house","name":null,"served":true,"priority":false,"lang":"iu","phones":["+1-819-555-0117"]}},{"type":"Feature","geometry":{"type":"Point","coordinates":[-78.108739,58.450784]},"properties":{"id":"H288","osm_id":506182089,"kind":"house","name":null,"served":true,"priority":false,"lang":"iu","phones":["+1-819-555-0146"]}},{"type":"Feature","geometry":{"type":"Point","coordinates":[-78.108148,58.450732]},"properties":{"id":"H289","osm_id":506182090,"kind":"house","name":null,"served":true,"priority":false,"lang":"iu","phones":["+1-819-555-0196"]}},{"type":"Feature","geometry":{"type":"Point","coordinates":[-78.107317,58.450344]},"properties":{"id":"H290","osm_id":506182091,"kind":"house","name":null,"served":true,"priority":false,"lang":"iu","phones":["+1-819-555-0147"]}},{"type":"Feature","geometry":{"type":"Point","coordinates":[-78.107196,58.450094]},"properties":{"id":"H291","osm_id":506182092,"kind":"house","name":null,"served":true,"priority":false,"lang":"iu","phones":["+1-819-555-0193"]}},{"type":"Feature","geometry":{"type":"Point","coordinates":[-78.10707,58.449852]},"properties":{"id":"H292","osm_id":506182093,"kind":"house","name":null,"served":true,"priority":false,"lang":"iu","phones":["+1-819-555-0127"]}},{"type":"Feature","geometry":{"type":"Point","coordinates":[-78.107896,58.449764]},"properties":{"id":"H293","osm_id":506182094,"kind":"house","name":null,"served":true,"priority":false,"lang":"iu","phones":["+1-819-555-0152"]}},{"type":"Feature","geometry":{"type":"Point","coordinates":[-78.107013,58.449602]},"properties":{"id":"H294","osm_id":506182095,"kind":"house","name":null,"served":true,"priority":false,"lang":"en","phones":["+1-819-555-0192"]}},{"type":"Feature","geometry":{"type":"Point","coordinates":[-78.108352,58.449812]},"properties":{"id":"H295","osm_id":506182096,"kind":"house","name":null,"served":true,"priority":false,"lang":"iu","phones":["+1-819-555-0184"]}},{"type":"Feature","geometry":{"type":"Point","coordinates":[-78.106952,58.44936]},"properties":{"id":"H296","osm_id":506182098,"kind":"house","name":null,"served":true,"priority":false,"lang":"iu","phones":["+1-819-555-0168"]}},{"type":"Feature","geometry":{"type":"Point","coordinates":[-78.106883,58.449119]},"properties":{"id":"H297","osm_id":506182099,"kind":"house","name":null,"served":true,"priority":false,"lang":"iu","phones":["+1-819-555-0138"]}},{"type":"Feature","geometry":{"type":"Point","coordinates":[-78.106761,58.448857]},"properties":{"id":"H298","osm_id":506182101,"kind":"house","name":null,"served":true,"priority":false,"lang":"fr","phones":["+1-819-555-0178"]}},{"type":"Feature","geometry":{"type":"Point","coordinates":[-78.107587,58.448916]},"properties":{"id":"H299","osm_id":506182102,"kind":"house","name":null,"served":true,"priority":false,"lang":"iu","phones":["+1-819-555-0165"]}},{"type":"Feature","geometry":{"type":"Point","coordinates":[-78.106268,58.448789]},"properties":{"id":"H300","osm_id":506182104,"kind":"house","name":null,"served":true,"priority":false,"lang":"fr","phones":["+1-819-555-0176"]}},{"type":"Feature","geometry":{"type":"Point","coordinates":[-78.105766,58.448891]},"properties":{"id":"H301","osm_id":506182105,"kind":"house","name":null,"served":true,"priority":false,"lang":"iu","phones":["+1-819-555-0140"]}},{"type":"Feature","geometry":{"type":"Point","coordinates":[-78.105069,58.448839]},"properties":{"id":"H302","osm_id":506182106,"kind":"house","name":null,"served":true,"priority":false,"lang":"iu","phones":["+1-819-555-0146"]}},{"type":"Feature","geometry":{"type":"Point","coordinates":[-78.104939,58.448576]},"properties":{"id":"H303","osm_id":506182107,"kind":"house","name":null,"served":true,"priority":false,"lang":"iu","phones":["+1-819-555-0171"]}},{"type":"Feature","geometry":{"type":"Point","coordinates":[-78.104678,58.448684]},"properties":{"id":"H304","osm_id":506182108,"kind":"house","name":null,"served":true,"priority":false,"lang":"en","phones":["+1-819-555-0122"]}},{"type":"Feature","geometry":{"type":"Point","coordinates":[-78.105293,58.448417]},"properties":{"id":"H305","osm_id":506182109,"kind":"house","name":null,"served":true,"priority":false,"lang":"iu","phones":["+1-819-555-0167"]}},{"type":"Feature","geometry":{"type":"Point","coordinates":[-78.105855,58.448418]},"properties":{"id":"H306","osm_id":506182110,"kind":"house","name":null,"served":true,"priority":false,"lang":"iu","phones":["+1-819-555-0149"]}},{"type":"Feature","geometry":{"type":"Point","coordinates":[-78.106356,58.448438]},"properties":{"id":"H307","osm_id":506182111,"kind":"house","name":null,"served":true,"priority":false,"lang":"iu","phones":["+1-819-555-0177"]}},{"type":"Feature","geometry":{"type":"Point","coordinates":[-78.106814,58.448479]},"properties":{"id":"H308","osm_id":506182112,"kind":"house","name":null,"served":true,"priority":false,"lang":"fr","phones":["+1-819-555-0103"]}},{"type":"Feature","geometry":{"type":"Point","coordinates":[-78.107353,58.44853]},"properties":{"id":"H309","osm_id":506182114,"kind":"house","name":null,"served":true,"priority":false,"lang":"iu","phones":["+1-819-555-0126"]}},{"type":"Feature","geometry":{"type":"Point","coordinates":[-78.107867,58.448563]},"properties":{"id":"H310","osm_id":506182115,"kind":"house","name":null,"served":true,"priority":false,"lang":"iu","phones":["+1-819-555-0167"]}},{"type":"Feature","geometry":{"type":"Point","coordinates":[-78.108364,58.448592]},"properties":{"id":"H311","osm_id":506182116,"kind":"house","name":null,"served":true,"priority":false,"lang":"iu","phones":["+1-819-555-0127"]}},{"type":"Feature","geometry":{"type":"Point","coordinates":[-78.108897,58.448593]},"properties":{"id":"H312","osm_id":506182118,"kind":"house","name":null,"served":true,"priority":false,"lang":"iu","phones":["+1-819-555-0134"]}},{"type":"Feature","geometry":{"type":"Point","coordinates":[-78.108922,58.448313]},"properties":{"id":"H313","osm_id":506182119,"kind":"house","name":null,"served":true,"priority":false,"lang":"iu","phones":["+1-819-555-0191"]}},{"type":"Feature","geometry":{"type":"Point","coordinates":[-78.108302,58.448287]},"properties":{"id":"H314","osm_id":506182120,"kind":"house","name":null,"served":true,"priority":false,"lang":"iu","phones":["+1-819-555-0171"]}},{"type":"Feature","geometry":{"type":"Point","coordinates":[-78.107811,58.448246]},"properties":{"id":"H315","osm_id":506182121,"kind":"house","name":null,"served":true,"priority":false,"lang":"iu","phones":["+1-819-555-0141"]}},{"type":"Feature","geometry":{"type":"Point","coordinates":[-78.107277,58.448194]},"properties":{"id":"H316","osm_id":506182122,"kind":"house","name":null,"served":true,"priority":false,"lang":"iu","phones":["+1-819-555-0183"]}},{"type":"Feature","geometry":{"type":"Point","coordinates":[-78.112607,58.450189]},"properties":{"id":"H317","osm_id":506186705,"kind":"house","name":null,"served":true,"priority":false,"lang":"iu","phones":["+1-819-555-0178"]}},{"type":"Feature","geometry":{"type":"Point","coordinates":[-78.112066,58.450404]},"properties":{"id":"H318","osm_id":506186706,"kind":"house","name":null,"served":true,"priority":false,"lang":"iu","phones":["+1-819-555-0124"]}},{"type":"Feature","geometry":{"type":"Point","coordinates":[-78.112227,58.449973]},"properties":{"id":"H319","osm_id":506186707,"kind":"house","name":null,"served":true,"priority":false,"lang":"iu","phones":["+1-819-555-0170"]}},{"type":"Feature","geometry":{"type":"Point","coordinates":[-78.111609,58.450137]},"properties":{"id":"H320","osm_id":506186708,"kind":"house","name":null,"served":true,"priority":false,"lang":"iu","phones":["+1-819-555-0119"]}},{"type":"Feature","geometry":{"type":"Point","coordinates":[-78.111904,58.449769]},"properties":{"id":"H321","osm_id":506186709,"kind":"house","name":null,"served":true,"priority":false,"lang":"iu","phones":["+1-819-555-0116"]}},{"type":"Feature","geometry":{"type":"Point","coordinates":[-78.111295,58.449819]},"properties":{"id":"H322","osm_id":506186710,"kind":"house","name":null,"served":true,"priority":false,"lang":"iu","phones":["+1-819-555-0184"]}},{"type":"Feature","geometry":{"type":"Point","coordinates":[-78.11148,58.449548]},"properties":{"id":"H323","osm_id":506186711,"kind":"house","name":null,"served":true,"priority":false,"lang":"iu","phones":["+1-819-555-0185"]}},{"type":"Feature","geometry":{"type":"Point","coordinates":[-78.112889,58.4498]},"properties":{"id":"H324","osm_id":506186712,"kind":"house","name":null,"served":true,"priority":false,"lang":"en","phones":["+1-819-555-0135"]}},{"type":"Feature","geometry":{"type":"Point","coordinates":[-78.113205,58.449988]},"properties":{"id":"H325","osm_id":506186713,"kind":"house","name":null,"served":true,"priority":false,"lang":"iu","phones":["+1-819-555-0122"]}},{"type":"Feature","geometry":{"type":"Point","coordinates":[-78.11256,58.449608]},"properties":{"id":"H326","osm_id":506186714,"kind":"house","name":null,"served":true,"priority":false,"lang":"iu","phones":["+1-819-555-0169"]}},{"type":"Feature","geometry":{"type":"Point","coordinates":[-78.113292,58.44959]},"properties":{"id":"H327","osm_id":506186715,"kind":"house","name":null,"served":true,"priority":false,"lang":"iu","phones":["+1-819-555-0116"]}},{"type":"Feature","geometry":{"type":"Point","coordinates":[-78.112959,58.449401]},"properties":{"id":"H328","osm_id":506186716,"kind":"house","name":null,"served":true,"priority":false,"lang":"iu","phones":["+1-819-555-0123"]}},{"type":"Feature","geometry":{"type":"Point","coordinates":[-78.112237,58.449427]},"properties":{"id":"H329","osm_id":506186717,"kind":"house","name":null,"served":true,"priority":false,"lang":"iu","phones":["+1-819-555-0196"]}},{"type":"Feature","geometry":{"type":"Point","coordinates":[-78.113616,58.449791]},"properties":{"id":"H330","osm_id":506186718,"kind":"house","name":null,"served":true,"priority":false,"lang":"iu","phones":["+1-819-555-0119"]}},{"type":"Feature","geometry":{"type":"Point","coordinates":[-78.113499,58.44992]},"properties":{"id":"H331","osm_id":506186719,"kind":"house","name":null,"served":true,"priority":false,"lang":"iu","phones":["+1-819-555-0179"]}},{"type":"Feature","geometry":{"type":"Point","coordinates":[-78.112657,58.449195]},"properties":{"id":"H332","osm_id":506186720,"kind":"house","name":null,"served":true,"priority":false,"lang":"iu","phones":["+1-819-555-0169"]}},{"type":"Feature","geometry":{"type":"Point","coordinates":[-78.111879,58.449207]},"properties":{"id":"H333","osm_id":506186721,"kind":"house","name":null,"served":true,"priority":false,"lang":"fr","phones":["+1-819-555-0138"]}},{"type":"Feature","geometry":{"type":"Point","coordinates":[-78.112181,58.449035]},"properties":{"id":"H334","osm_id":506186722,"kind":"house","name":null,"served":true,"priority":false,"lang":"iu","phones":["+1-819-555-0146"]}},{"type":"Feature","geometry":{"type":"Point","coordinates":[-78.111401,58.448952]},"properties":{"id":"H335","osm_id":506186723,"kind":"house","name":null,"served":true,"priority":false,"lang":"en","phones":["+1-819-555-0111"]}},{"type":"Feature","geometry":{"type":"Point","coordinates":[-78.108871,58.450253]},"properties":{"id":"H336","osm_id":506186724,"kind":"house","name":null,"served":true,"priority":false,"lang":"iu","phones":["+1-819-555-0195"]}},{"type":"Feature","geometry":{"type":"Point","coordinates":[-78.108806,58.449993]},"properties":{"id":"H337","osm_id":506186726,"kind":"house","name":null,"served":true,"priority":false,"lang":"iu","phones":["+1-819-555-0141"]}},{"type":"Feature","geometry":{"type":"Point","coordinates":[-78.10987,58.450315]},"properties":{"id":"H338","osm_id":506186727,"kind":"house","name":null,"served":true,"priority":false,"lang":"iu","phones":["+1-819-555-0165"]}},{"type":"Feature","geometry":{"type":"Point","coordinates":[-78.109405,58.450171]},"properties":{"id":"H339","osm_id":506186728,"kind":"house","name":null,"served":true,"priority":false,"lang":"iu","phones":["+1-819-555-0100"]}},{"type":"Feature","geometry":{"type":"Point","coordinates":[-78.109268,58.449862]},"properties":{"id":"H340","osm_id":506186729,"kind":"house","name":null,"served":true,"priority":false,"lang":"iu","phones":["+1-819-555-0145"]}},{"type":"Feature","geometry":{"type":"Point","coordinates":[-78.110266,58.450094]},"properties":{"id":"H341","osm_id":506186730,"kind":"house","name":null,"served":true,"priority":false,"lang":"iu","phones":["+1-819-555-0190"]}},{"type":"Feature","geometry":{"type":"Point","coordinates":[-78.109907,58.44978]},"properties":{"id":"H342","osm_id":506186731,"kind":"house","name":null,"served":true,"priority":false,"lang":"iu","phones":["+1-819-555-0132"]}},{"type":"Feature","geometry":{"type":"Point","coordinates":[-78.108813,58.449792]},"properties":{"id":"H343","osm_id":506186732,"kind":"house","name":null,"served":true,"priority":false,"lang":"iu","phones":["+1-819-555-0103"]}},{"type":"Feature","geometry":{"type":"Point","coordinates":[-78.108077,58.448968]},"properties":{"id":"H344","osm_id":506186733,"kind":"house","name":null,"served":true,"priority":false,"lang":"iu","phones":["+1-819-555-0124"]}},{"type":"Feature","geometry":{"type":"Point","coordinates":[-78.108584,58.448975]},"properties":{"id":"H345","osm_id":506186734,"kind":"house","name":null,"served":true,"priority":false,"lang":"en","phones":["+1-819-555-0111"]}},{"type":"Feature","geometry":{"type":"Point","coordinates":[-78.109075,58.448969]},"properties":{"id":"H346","osm_id":506186735,"kind":"house","name":null,"served":true,"priority":false,"lang":"iu","phones":["+1-819-555-0155"]}},{"type":"Feature","geometry":{"type":"Point","coordinates":[-78.109265,58.449234]},"properties":{"id":"H347","osm_id":506186736,"kind":"house","name":null,"served":true,"priority":false,"lang":"iu","phones":["+1-819-555-0121"]}},{"type":"Feature","geometry":{"type":"Point","coordinates":[-78.109737,58.448921]},"properties":{"id":"H348","osm_id":506186737,"kind":"house","name":null,"served":true,"priority":false,"lang":"iu","phones":["+1-819-555-0184"]}},{"type":"Feature","geometry":{"type":"Point","coordinates":[-78.11011,58.449338]},"properties":{"id":"H349","osm_id":506186738,"kind":"house","name":null,"served":true,"priority":false,"lang":"fr","phones":["+1-819-555-0127"]}},{"type":"Feature","geometry":{"type":"Point","coordinates":[-78.110614,58.449065]},"properties":{"id":"H350","osm_id":506186739,"kind":"house","name":null,"served":true,"priority":false,"lang":"iu","phones":["+1-819-555-0168"]}},{"type":"Feature","geometry":{"type":"Point","coordinates":[-78.110219,58.44893]},"properties":{"id":"H351","osm_id":506186740,"kind":"house","name":null,"served":true,"priority":false,"lang":"fr","phones":["+1-819-555-0154"]}},{"type":"Feature","geometry":{"type":"Point","coordinates":[-78.110961,58.449258]},"properties":{"id":"H352","osm_id":506186741,"kind":"house","name":null,"served":true,"priority":false,"lang":"iu","phones":["+1-819-555-0158"]}},{"type":"Feature","geometry":{"type":"Point","coordinates":[-78.110621,58.449524]},"properties":{"id":"H353","osm_id":506186742,"kind":"house","name":null,"served":true,"priority":false,"lang":"en","phones":["+1-819-555-0190"]}},{"type":"Feature","geometry":{"type":"Point","coordinates":[-78.106699,58.447725]},"properties":{"id":"H354","osm_id":506186743,"kind":"house","name":null,"served":true,"priority":false,"lang":"iu","phones":["+1-819-555-0139"]}},{"type":"Feature","geometry":{"type":"Point","coordinates":[-78.106987,58.44746]},"properties":{"id":"H355","osm_id":506186744,"kind":"house","name":null,"served":true,"priority":false,"lang":"iu","phones":["+1-819-555-0156"]}},{"type":"Feature","geometry":{"type":"Point","coordinates":[-78.10749,58.447285]},"properties":{"id":"H356","osm_id":506186745,"kind":"house","name":null,"served":true,"priority":false,"lang":"en","phones":["+1-819-555-0171"]}},{"type":"Feature","geometry":{"type":"Point","coordinates":[-78.107898,58.447909]},"properties":{"id":"H357","osm_id":506186746,"kind":"house","name":null,"served":true,"priority":false,"lang":"iu","phones":["+1-819-555-0111"]}},{"type":"Feature","geometry":{"type":"Point","coordinates":[-78.108106,58.447637]},"properties":{"id":"H358","osm_id":506186747,"kind":"house","name":null,"served":true,"priority":false,"lang":"en","phones":["+1-819-555-0127"]}},{"type":"Feature","geometry":{"type":"Point","coordinates":[-78.107448,58.44786]},"properties":{"id":"H359","osm_id":506186748,"kind":"house","name":null,"served":true,"priority":false,"lang":"iu","phones":["+1-819-555-0114"]}},{"type":"Feature","geometry":{"type":"Point","coordinates":[-78.107754,58.447666]},"properties":{"id":"H360","osm_id":506186749,"kind":"house","name":null,"served":true,"priority":false,"lang":"iu","phones":["+1-819-555-0145"]}},{"type":"Feature","geometry":{"type":"Point","coordinates":[-78.108313,58.447922]},"properties":{"id":"H361","osm_id":506186750,"kind":"house","name":null,"served":true,"priority":false,"lang":"iu","phones":["+1-819-555-0179"]}},{"type":"Feature","geometry":{"type":"Point","coordinates":[-78.108734,58.447984]},"properties":{"id":"H362","osm_id":506186751,"kind":"house","name":null,"served":true,"priority":false,"lang":"iu","phones":["+1-819-555-0114"]}},{"type":"Feature","geometry":{"type":"Point","coordinates":[-78.109546,58.44791]},"properties":{"id":"H363","osm_id":506186752,"kind":"house","name":null,"served":true,"priority":false,"lang":"iu","phones":["+1-819-555-0182"]}},{"type":"Feature","geometry":{"type":"Point","coordinates":[-78.109209,58.447322]},"properties":{"id":"H364","osm_id":506186753,"kind":"house","name":null,"served":true,"priority":false,"lang":"iu","phones":["+1-819-555-0154"]}},{"type":"Feature","geometry":{"type":"Point","coordinates":[-78.109461,58.447564]},"properties":{"id":"H365","osm_id":506186754,"kind":"house","name":null,"served":true,"priority":false,"lang":"iu","phones":["+1-819-555-0118"]}},{"type":"Feature","geometry":{"type":"Point","coordinates":[-78.110007,58.447882]},"properties":{"id":"H366","osm_id":506186755,"kind":"house","name":null,"served":true,"priority":false,"lang":"iu","phones":["+1-819-555-0181"]}},{"type":"Feature","geometry":{"type":"Point","coordinates":[-78.111039,58.448736]},"properties":{"id":"H367","osm_id":506186756,"kind":"house","name":null,"served":true,"priority":false,"lang":"iu","phones":["+1-819-555-0136"]}},{"type":"Feature","geometry":{"type":"Point","coordinates":[-78.110661,58.448594]},"properties":{"id":"H368","osm_id":506186757,"kind":"house","name":null,"served":true,"priority":false,"lang":"iu","phones":["+1-819-555-0150"]}},{"type":"Feature","geometry":{"type":"Point","coordinates":[-78.110196,58.448523]},"properties":{"id":"H369","osm_id":506186758,"kind":"house","name":null,"served":true,"priority":false,"lang":"iu","phones":["+1-819-555-0166"]}},{"type":"Feature","geometry":{"type":"Point","coordinates":[-78.109714,58.448531]},"properties":{"id":"H370","osm_id":506186759,"kind":"house","name":null,"served":true,"priority":false,"lang":"iu","phones":["+1-819-555-0134"]}},{"type":"Feature","geometry":{"type":"Point","coordinates":[-78.111404,58.448485]},"properties":{"id":"H371","osm_id":506186760,"kind":"house","name":null,"served":true,"priority":false,"lang":"iu","phones":["+1-819-555-0162"]}},{"type":"Feature","geometry":{"type":"Point","coordinates":[-78.110989,58.448359]},"properties":{"id":"H372","osm_id":506186761,"kind":"house","name":null,"served":true,"priority":false,"lang":"fr","phones":["+1-819-555-0113"]}},{"type":"Feature","geometry":{"type":"Point","coordinates":[-78.11059,58.448259]},"properties":{"id":"H373","osm_id":506186762,"kind":"house","name":null,"served":true,"priority":false,"lang":"iu","phones":["+1-819-555-0171"]}},{"type":"Feature","geometry":{"type":"Point","coordinates":[-78.1101,58.448228]},"properties":{"id":"H374","osm_id":506186763,"kind":"house","name":null,"served":true,"priority":false,"lang":"iu","phones":["+1-819-555-0145"]}},{"type":"Feature","geometry":{"type":"Point","coordinates":[-78.109692,58.448233]},"properties":{"id":"H375","osm_id":506186764,"kind":"house","name":null,"served":true,"priority":false,"lang":"iu","phones":["+1-819-555-0177"]}},{"type":"Feature","geometry":{"type":"Point","coordinates":[-78.112822,58.448783]},"properties":{"id":"H376","osm_id":506186765,"kind":"house","name":null,"served":true,"priority":false,"lang":"iu","phones":["+1-819-555-0106"]}},{"type":"Feature","geometry":{"type":"Point","coordinates":[-78.113203,58.449008]},"properties":{"id":"H377","osm_id":506186766,"kind":"house","name":null,"served":true,"priority":false,"lang":"en","phones":["+1-819-555-0185"]}},{"type":"Feature","geometry":{"type":"Point","coordinates":[-78.113539,58.449203]},"properties":{"id":"H378","osm_id":506186767,"kind":"house","name":null,"served":true,"priority":false,"lang":"iu","phones":["+1-819-555-0196"]}},{"type":"Feature","geometry":{"type":"Point","coordinates":[-78.113878,58.449392]},"properties":{"id":"H379","osm_id":506186768,"kind":"house","name":null,"served":true,"priority":false,"lang":"iu","phones":["+1-819-555-0187"]}},{"type":"Feature","geometry":{"type":"Point","coordinates":[-78.114359,58.449669]},"properties":{"id":"H380","osm_id":506186769,"kind":"house","name":null,"served":true,"priority":false,"lang":"iu","phones":["+1-819-555-0159"]}},{"type":"Feature","geometry":{"type":"Point","coordinates":[-78.114707,58.449874]},"properties":{"id":"H381","osm_id":506186770,"kind":"house","name":null,"served":true,"priority":false,"lang":"iu","phones":["+1-819-555-0167"]}},{"type":"Feature","geometry":{"type":"Point","coordinates":[-78.11502,58.450068]},"properties":{"id":"H382","osm_id":506186771,"kind":"house","name":null,"served":true,"priority":false,"lang":"iu","phones":["+1-819-555-0112"]}},{"type":"Feature","geometry":{"type":"Point","coordinates":[-78.106063,58.451374]},"properties":{"id":"H383","osm_id":795768028,"kind":"house","name":null,"served":true,"priority":false,"lang":"iu","phones":["+1-819-555-0137"]}},{"type":"Feature","geometry":{"type":"Point","coordinates":[-78.108239,58.447048]},"properties":{"id":"H384","osm_id":795768029,"kind":"house","name":null,"served":true,"priority":false,"lang":"iu","phones":["+1-819-555-0175"]}},{"type":"Feature","geometry":{"type":"Point","coordinates":[-78.130724,58.454442]},"properties":{"id":"H385","osm_id":903580472,"kind":"house","name":null,"served":true,"priority":false,"lang":"iu","phones":["+1-819-555-0167"]}},{"type":"Feature","geometry":{"type":"Point","coordinates":[-78.131276,58.454472]},"properties":{"id":"H386","osm_id":903580473,"kind":"house","name":null,"served":true,"priority":false,"lang":"en","phones":["+1-819-555-0172"]}},{"type":"Feature","geometry":{"type":"Point","coordinates":[-78.132092,58.454744]},"properties":{"id":"H387","osm_id":903580474,"kind":"house","name":null,"served":true,"priority":false,"lang":"iu","phones":["+1-819-555-0182"]}},{"type":"Feature","geometry":{"type":"Point","coordinates":[-78.13267,58.454754]},"properties":{"id":"H388","osm_id":903580475,"kind":"house","name":null,"served":true,"priority":false,"lang":"iu","phones":["+1-819-555-0158"]}},{"type":"Feature","geometry":{"type":"Point","coordinates":[-78.132674,58.454292]},"properties":{"id":"H389","osm_id":903580476,"kind":"house","name":null,"served":true,"priority":false,"lang":"iu","phones":["+1-819-555-0169"]}},{"type":"Feature","geometry":{"type":"Point","coordinates":[-78.132097,58.45439]},"properties":{"id":"H390","osm_id":903580477,"kind":"house","name":null,"served":true,"priority":false,"lang":"iu","phones":["+1-819-555-0140"]}},{"type":"Feature","geometry":{"type":"Point","coordinates":[-78.133035,58.453968]},"properties":{"id":"H391","osm_id":903580478,"kind":"house","name":null,"served":true,"priority":false,"lang":"iu","phones":["+1-819-555-0113"]}},{"type":"Feature","geometry":{"type":"Point","coordinates":[-78.132457,58.453959]},"properties":{"id":"H392","osm_id":903580479,"kind":"house","name":null,"served":true,"priority":false,"lang":"iu","phones":["+1-819-555-0121"]}},{"type":"Feature","geometry":{"type":"Point","coordinates":[-78.131951,58.454056]},"properties":{"id":"H393","osm_id":903580480,"kind":"house","name":null,"served":true,"priority":false,"lang":"iu","phones":["+1-819-555-0132"]}},{"type":"Feature","geometry":{"type":"Point","coordinates":[-78.128218,58.452816]},"properties":{"id":"H394","osm_id":903580482,"kind":"house","name":null,"served":true,"priority":false,"lang":"iu","phones":["+1-819-555-0105"]}},{"type":"Feature","geometry":{"type":"Point","coordinates":[-78.127616,58.452947]},"properties":{"id":"H395","osm_id":903580483,"kind":"house","name":null,"served":true,"priority":false,"lang":"iu","phones":["+1-819-555-0109"]}},{"type":"Feature","geometry":{"type":"Point","coordinates":[-78.127058,58.453094]},"properties":{"id":"H396","osm_id":903580484,"kind":"house","name":null,"served":true,"priority":false,"lang":"iu","phones":["+1-819-555-0166"]}},{"type":"Feature","geometry":{"type":"Point","coordinates":[-78.126533,58.453256]},"properties":{"id":"H397","osm_id":903580485,"kind":"house","name":null,"served":true,"priority":false,"lang":"iu","phones":["+1-819-555-0142"]}},{"type":"Feature","geometry":{"type":"Point","coordinates":[-78.126044,58.45347]},"properties":{"id":"H398","osm_id":903580486,"kind":"house","name":null,"served":true,"priority":false,"lang":"iu","phones":["+1-819-555-0139"]}},{"type":"Feature","geometry":{"type":"Point","coordinates":[-78.125647,58.453696]},"properties":{"id":"H399","osm_id":903580487,"kind":"house","name":null,"served":true,"priority":false,"lang":"fr","phones":["+1-819-555-0130"]}},{"type":"Feature","geometry":{"type":"Point","coordinates":[-78.12526,58.453911]},"properties":{"id":"H400","osm_id":903580488,"kind":"house","name":null,"served":true,"priority":false,"lang":"iu","phones":["+1-819-555-0159"]}},{"type":"Feature","geometry":{"type":"Point","coordinates":[-78.124871,58.454124]},"properties":{"id":"H401","osm_id":903580489,"kind":"house","name":null,"served":true,"priority":false,"lang":"iu","phones":["+1-819-555-0151"]}},{"type":"Feature","geometry":{"type":"Point","coordinates":[-78.124002,58.454285]},"properties":{"id":"H402","osm_id":903580490,"kind":"house","name":null,"served":true,"priority":false,"lang":"iu","phones":["+1-819-555-0140"]}},{"type":"Feature","geometry":{"type":"Point","coordinates":[-78.123481,58.454146]},"properties":{"id":"H403","osm_id":903580491,"kind":"house","name":null,"served":true,"priority":false,"lang":"iu","phones":["+1-819-555-0162"]}},{"type":"Feature","geometry":{"type":"Point","coordinates":[-78.122886,58.454047]},"properties":{"id":"H404","osm_id":903580492,"kind":"house","name":null,"served":true,"priority":false,"lang":"iu","phones":["+1-819-555-0123"]}},{"type":"Feature","geometry":{"type":"Point","coordinates":[-78.122184,58.453934]},"properties":{"id":"H405","osm_id":903580493,"kind":"house","name":null,"served":true,"priority":false,"lang":"iu","phones":["+1-819-555-0198"]}},{"type":"Feature","geometry":{"type":"Point","coordinates":[-78.124031,58.453851]},"properties":{"id":"H406","osm_id":903580494,"kind":"house","name":null,"served":true,"priority":false,"lang":"iu","phones":["+1-819-555-0160"]}},{"type":"Feature","geometry":{"type":"Point","coordinates":[-78.123381,58.453721]},"properties":{"id":"H407","osm_id":903580495,"kind":"house","name":null,"served":true,"priority":false,"lang":"iu","phones":["+1-819-555-0161"]}},{"type":"Feature","geometry":{"type":"Point","coordinates":[-78.122661,58.453621]},"properties":{"id":"H408","osm_id":903580496,"kind":"house","name":null,"served":true,"priority":false,"lang":"iu","phones":["+1-819-555-0163"]}},{"type":"Feature","geometry":{"type":"Point","coordinates":[-78.122076,58.453386]},"properties":{"id":"H409","osm_id":903580497,"kind":"house","name":null,"served":true,"priority":false,"lang":"en","phones":["+1-819-555-0149"]}},{"type":"Feature","geometry":{"type":"Point","coordinates":[-78.121296,58.453402]},"properties":{"id":"H410","osm_id":903580498,"kind":"house","name":null,"served":true,"priority":false,"lang":"iu","phones":["+1-819-555-0167"]}},{"type":"Feature","geometry":{"type":"Point","coordinates":[-78.121005,58.453109]},"properties":{"id":"H411","osm_id":903580499,"kind":"house","name":null,"served":true,"priority":false,"lang":"iu","phones":["+1-819-555-0117"]}},{"type":"Feature","geometry":{"type":"Point","coordinates":[-78.12179,58.453087]},"properties":{"id":"H412","osm_id":903580500,"kind":"house","name":null,"served":true,"priority":false,"lang":"iu","phones":["+1-819-555-0166"]}},{"type":"Feature","geometry":{"type":"Point","coordinates":[-78.121502,58.452798]},"properties":{"id":"H413","osm_id":903580501,"kind":"house","name":null,"served":true,"priority":false,"lang":"iu","phones":["+1-819-555-0198"]}},{"type":"Feature","geometry":{"type":"Point","coordinates":[-78.107648,58.46011]},"properties":{"id":"H414","osm_id":903580502,"kind":"house","name":null,"served":true,"priority":false,"lang":"iu","phones":["+1-819-555-0194"]}},{"type":"Feature","geometry":{"type":"Point","coordinates":[-78.10788,58.459524]},"properties":{"id":"H415","osm_id":903580503,"kind":"house","name":null,"served":true,"priority":false,"lang":"iu","phones":["+1-819-555-0145"]}},{"type":"Feature","geometry":{"type":"Point","coordinates":[-78.109656,58.460117]},"properties":{"id":"H416","osm_id":903580504,"kind":"house","name":null,"served":true,"priority":false,"lang":"iu","phones":["+1-819-555-0166"]}},{"type":"Feature","geometry":{"type":"Point","coordinates":[-78.107732,58.461754]},"properties":{"id":"H417","osm_id":903580506,"kind":"house","name":null,"served":true,"priority":false,"lang":"iu","phones":["+1-819-555-0167"]}},{"type":"Feature","geometry":{"type":"Point","coordinates":[-78.145719,58.460474]},"properties":{"id":"H418","osm_id":903580507,"kind":"house","name":null,"served":true,"priority":false,"lang":"iu","phones":["+1-819-555-0147"]}},{"type":"Feature","geometry":{"type":"Point","coordinates":[-78.145611,58.460301]},"properties":{"id":"H419","osm_id":903580508,"kind":"house","name":null,"served":true,"priority":false,"lang":"iu","phones":["+1-819-555-0175"]}},{"type":"Feature","geometry":{"type":"Point","coordinates":[-78.145208,58.460236]},"properties":{"id":"H420","osm_id":903580509,"kind":"house","name":null,"served":true,"priority":false,"lang":"iu","phones":["+1-819-555-0121"]}},{"type":"Feature","geometry":{"type":"Point","coordinates":[-78.144958,58.460097]},"properties":{"id":"H421","osm_id":903580510,"kind":"house","name":null,"served":true,"priority":false,"lang":"iu","phones":["+1-819-555-0114"]}},{"type":"Feature","geometry":{"type":"Point","coordinates":[-78.144464,58.459707]},"properties":{"id":"H422","osm_id":903580511,"kind":"house","name":null,"served":true,"priority":false,"lang":"iu","phones":["+1-819-555-0153"]}},{"type":"Feature","geometry":{"type":"Point","coordinates":[-78.107091,58.453849]},"properties":{"id":"WARE-1344915913","osm_id":1344915913,"kind":"warehouse","name":"Bell Quebec Inukjuak INUJPQ46CG0","served":false,"priority":false,"lang":"iu","phones":[]}},{"type":"Feature","geometry":{"type":"Point","coordinates":[-78.107184,58.453869]},"properties":{"id":"WARE-1344915914","osm_id":1344915914,"kind":"warehouse","name":"Iristel Inukjuak INUJPQEN0MD","served":false,"priority":false,"lang":"iu","phones":[]}},{"type":"Feature","geometry":{"type":"Point","coordinates":[-78.105654,58.457577]},"properties":{"id":"WARE-1344915915","osm_id":1344915915,"kind":"warehouse","name":null,"served":false,"priority":false,"lang":"iu","phones":[]}},{"type":"Feature","geometry":{"type":"Point","coordinates":[-78.105891,58.457939]},"properties":{"id":"WARE-1344915917","osm_id":1344915917,"kind":"warehouse","name":null,"served":false,"priority":false,"lang":"iu","phones":[]}}]}